PAGE_KEY,SEED_KEY,COMPANY_KEY,COMPANY_NAME,ROOT_DOMAIN,SEED_TYPE,SEED_URL,PAGE_URL,FINAL_URL,HTTP_STATUS,CONTENT_TYPE,TITLE,RENDER_MODE,NEEDS_JS,VISIBLE_TEXT_LENGTH,LINKS_FOUND,HTML_PATH,CRAWL_STATUS,ERROR,CRAWLED_AT
ed56352210fe5fd2f5172afbea88268cb1cb4bb5,ed56352210fe5fd2f5172afbea88268cb1cb4bb5,0e565e4cc4d96130c1fa6f5c6758c87567b03b23,Servicio de Alquiler de Computadoras,compumarket.pe,WEB_VALIDATED,https://compumarket.pe/producto/12911-servicio-de-alquiler-de-computadoras-mensual-hp-dell-lenovo-ensambladas.-entrega-inmediata.-servicios-incluidos.,https://compumarket.pe/producto/12911-servicio-de-alquiler-de-computadoras-mensual-hp-dell-lenovo-ensambladas.-entrega-inmediata.-servicios-incluidos.,https://compumarket.pe/producto/12911-servicio-de-alquiler-de-computadoras-mensual-hp-dell-lenovo-ensambladas.-entrega-inmediata.-servicios-incluidos.,200,text/html; charset=UTF-8,Servicio de Alquiler de Computadoras - Mensual - Hp - Dell - Lenovo - Ensambladas. Entrega inmediata. Servicios incluidos.,requests,NO,5042,70,data/cache/html/0e565e4cc4d96130c1fa6f5c6758c87567b03b23/ed56352210fe5fd2f5172afbea88268cb1cb4bb5.html,OK,,2026-09-30T18:48:18
12e3dac4079dbb5f0eeb91ff7fdfcea85f5958c2,ed56352210fe5fd2f5172afbea88268cb1cb4bb5,0e565e4cc4d96130c1fa6f5c6758c87567b03b23,Servicio de Alquiler de Computadoras,compumarket.pe,WEB_VALIDATED,https://compumarket.pe/producto/12911-servicio-de-alquiler-de-computadoras-mensual-hp-dell-lenovo-ensambladas.-entrega-inmediata.-servicios-incluidos.,https://compumarket.pe/busqueda.php?c=servicios-alquiler,https://compumarket.pe/busqueda.php?c=servicios-alquiler,200,text/html; charset=UTF-8,Busqueda por Servicios Alquiler Equipos - CompuMarket.pe,requests,NO,2752,70,data/cache/html/0e565e4cc4d96130c1fa6f5c6758c87567b03b23/12e3dac4079dbb5f0eeb91ff7fdfcea85f5958c2.html,OK,,2026-09-30T18:48:19
fa92ca0d5751784d80329b7c09d97e4fdd7dafd2,ed56352210fe5fd2f5172afbea88268cb1cb4bb5,0e565e4cc4d96130c1fa6f5c6758c87567b03b23,Servicio de Alquiler de Computadoras,compumarket.pe,WEB_VALIDATED,https://compumarket.pe/producto/12911-servicio-de-alquiler-de-computadoras-mensual-hp-dell-lenovo-ensambladas.-entrega-inmediata.-servicios-incluidos.,https://compumarket.pe/producto/10417-servicio-de-alquiler-de-laptops-mensual-hp-dell-lenovo-entrega-inmediata-servicios-incluidos/relacionados,https://compumarket.pe/producto/10417-servicio-de-alquiler-de-laptops-mensual-hp-dell-lenovo-entrega-inmediata-servicios-incluidos/relacionados,200,text/html; charset=UTF-8,Servicio de Alquiler de Laptops - Mensual - Hp - Dell - Lenovo. Entrega inmediata. Servicios incluidos.,requests,NO,4754,69,data/cache/html/0e565e4cc4d96130c1fa6f5c6758c87567b03b23/fa92ca0d5751784d80329b7c09d97e4fdd7dafd2.html,OK,,2026-09-30T18:48:20
a4c686d5406da147380198c7cbaca3b8f362b8f4,ed56352210fe5fd2f5172afbea88268cb1cb4bb5,0e565e4cc4d96130c1fa6f5c6758c87567b03b23,Servicio de Alquiler de Computadoras,compumarket.pe,WEB_VALIDATED,https://compumarket.pe/producto/12911-servicio-de-alquiler-de-computadoras-mensual-hp-dell-lenovo-ensambladas.-entrega-inmediata.-servicios-incluidos.,https://compumarket.pe/busqueda.php?c=servicios-informaticos,https://compumarket.pe/busqueda.php?c=servicios-informaticos,200,text/html; charset=UTF-8,Busqueda por Servicios Informaticos - CompuMarket.pe,requests,NO,4539,79,data/cache/html/0e565e4cc4d96130c1fa6f5c6758c87567b03b23/a4c686d5406da147380198c7cbaca3b8f362b8f4.html,OK,,2026-09-30T18:48:20
c4f1258c2d3ff3ccb626ddb12f20f729e556f05b,ed56352210fe5fd2f5172afbea88268cb1cb4bb5,0e565e4cc4d96130c1fa6f5c6758c87567b03b23,Servicio de Alquiler de Computadoras,compumarket.pe,WEB_VALIDATED,https://compumarket.pe/producto/12911-servicio-de-alquiler-de-computadoras-mensual-hp-dell-lenovo-ensambladas.-entrega-inmediata.-servicios-incluidos.,https://compumarket.pe/busqueda.php?q=diagnostico,https://compumarket.pe/busqueda.php?q=diagnostico,200,text/html; charset=UTF-8,Busqueda por diagnostico - CompuMarket.pe,requests,NO,2678,70,data/cache/html/0e565e4cc4d96130c1fa6f5c6758c87567b03b23/c4f1258c2d3ff3ccb626ddb12f20f729e556f05b.html,OK,,2026-09-30T18:48:21
5f8ebf15559219f02256006c900ec1a17d46299f,5f8ebf15559219f02256006c900ec1a17d46299f,0e565e4cc4d96130c1fa6f5c6758c87567b03b23,Servicio de Alquiler de Computadoras,compumarket.pe,HOME,https://compumarket.pe/,https://compumarket.pe/,https://compumarket.pe/,200,text/html; charset=UTF-8,"Laptops, Computadoras, Impresoras y Servicios de Mantenimiento - todo en Computacion y Tecnologia",requests,NO,14055,153,data/cache/html/0e565e4cc4d96130c1fa6f5c6758c87567b03b23/5f8ebf15559219f02256006c900ec1a17d46299f.html,OK,,2026-09-30T18:48:21
a48942aa16ddf7c0ba12de6c16444f9da876b3e1,5f8ebf15559219f02256006c900ec1a17d46299f,0e565e4cc4d96130c1fa6f5c6758c87567b03b23,Servicio de Alquiler de Computadoras,compumarket.pe,HOME,https://compumarket.pe/,https://compumarket.pe/busqueda.php?q=alquiler,https://compumarket.pe/busqueda.php?q=alquiler,200,text/html; charset=UTF-8,Busqueda por alquiler - CompuMarket.pe,requests,NO,2705,70,data/cache/html/0e565e4cc4d96130c1fa6f5c6758c87567b03b23/a48942aa16ddf7c0ba12de6c16444f9da876b3e1.html,OK,,2026-09-30T18:48:22
b1c335475f3aa86a76e4c548bffd85c4abec6812,5f8ebf15559219f02256006c900ec1a17d46299f,0e565e4cc4d96130c1fa6f5c6758c87567b03b23,Servicio de Alquiler de Computadoras,compumarket.pe,HOME,https://compumarket.pe/,https://compumarket.pe/busqueda.php?q=servicio+tecnico,https://compumarket.pe/busqueda.php?q=servicio+tecnico,200,text/html; charset=UTF-8,Busqueda por servicio tecnico - CompuMarket.pe,requests,NO,7350,103,data/cache/html/0e565e4cc4d96130c1fa6f5c6758c87567b03b23/b1c335475f3aa86a76e4c548bffd85c4abec6812.html,OK,,2026-09-30T18:48:22
fb40ab3f90ebb18d0f19ca5f65e36074c506fa57,5f8ebf15559219f02256006c900ec1a17d46299f,0e565e4cc4d96130c1fa6f5c6758c87567b03b23,Servicio de Alquiler de Computadoras,compumarket.pe,HOME,https://compumarket.pe/,https://compumarket.pe/contacto.php,https://compumarket.pe/contacto.php,409,text/html; rendered=playwright,Contáctanos,playwright,SI,4912,67,data/cache/html/0e565e4cc4d96130c1fa6f5c6758c87567b03b23/fb40ab3f90ebb18d0f19ca5f65e36074c506fa57.html,OK,,2026-09-30T18:48:30
a5d7e1b7ecc98f6e591c962678ab0072103e515e,5f8ebf15559219f02256006c900ec1a17d46299f,0e565e4cc4d96130c1fa6f5c6758c87567b03b23,Servicio de Alquiler de Computadoras,compumarket.pe,HOME,https://compumarket.pe/,https://compumarket.pe/productos-servicio-tecnico.php,https://compumarket.pe/productos-servicio-tecnico.php,200,text/html; charset=UTF-8,"CompuMarket.pe - Servicio Tecnico en Laptops, Impresoras, Computadoras, SmartPhones",requests,NO,3909,73,data/cache/html/0e565e4cc4d96130c1fa6f5c6758c87567b03b23/a5d7e1b7ecc98f6e591c962678ab0072103e515e.html,OK,,2026-09-30T18:48:31
02521b413a8307267608be5359269a4ffc5be3a5,02521b413a8307267608be5359269a4ffc5be3a5,1b2199da3a112cbbc72f16c6d05cd472b4f276d3,PeruLaptops: Alquiler de laptops para empresas y proyectos ...,perulaptops.pe,WEB_VALIDATED,https://perulaptops.pe/,https://perulaptops.pe/,https://perulaptops.pe/,200,text/html,PeruLaptops: Alquiler de laptops  para empresas y proyectos en Perúâ,requests,NO,11882,13,data/cache/html/1b2199da3a112cbbc72f16c6d05cd472b4f276d3/02521b413a8307267608be5359269a4ffc5be3a5.html,OK,,2026-09-30T18:48:32
91ed572aefd6bc383d49f6073b9d3cc08e96d8e8,02521b413a8307267608be5359269a4ffc5be3a5,1b2199da3a112cbbc72f16c6d05cd472b4f276d3,PeruLaptops: Alquiler de laptops para empresas y proyectos ...,perulaptops.pe,WEB_VALIDATED,https://perulaptops.pe/,https://perulaptops.pe/nosotros,https://perulaptops.pe/nosotros,200,text/html,Peru Laptops - Alquiler de Laptops en Peru ð¥  Alquiler de Computadoras,requests,NO,3414,13,data/cache/html/1b2199da3a112cbbc72f16c6d05cd472b4f276d3/91ed572aefd6bc383d49f6073b9d3cc08e96d8e8.html,OK,,2026-09-30T18:48:33
d347b6a91c8cf914f02450c59971ad851b8cb387,02521b413a8307267608be5359269a4ffc5be3a5,1b2199da3a112cbbc72f16c6d05cd472b4f276d3,PeruLaptops: Alquiler de laptops para empresas y proyectos ...,perulaptops.pe,WEB_VALIDATED,https://perulaptops.pe/,https://perulaptops.pe/leasing-operativo,https://perulaptops.pe/leasing-operativo,200,text/html,"Leasing Operativo â, Alquiler de Computadoras, Venta de laptops y PC",requests,NO,5257,13,data/cache/html/1b2199da3a112cbbc72f16c6d05cd472b4f276d3/d347b6a91c8cf914f02450c59971ad851b8cb387.html,OK,,2026-09-30T18:48:34
51c4d9345d38132866f273b30951666a109130f9,02521b413a8307267608be5359269a4ffc5be3a5,1b2199da3a112cbbc72f16c6d05cd472b4f276d3,PeruLaptops: Alquiler de laptops para empresas y proyectos ...,perulaptops.pe,WEB_VALIDATED,https://perulaptops.pe/,https://perulaptops.pe/alquiler-de-laptops,https://perulaptops.pe/alquiler-de-laptops,200,text/html,Alquiler de Laptops ð¥ - Alquiler de computadoras â en LIMA PERU,requests,NO,5190,13,data/cache/html/1b2199da3a112cbbc72f16c6d05cd472b4f276d3/51c4d9345d38132866f273b30951666a109130f9.html,OK,,2026-09-30T18:48:34
d57e1800205d792b0266cf9522eb1b2f146dc6cc,02521b413a8307267608be5359269a4ffc5be3a5,1b2199da3a112cbbc72f16c6d05cd472b4f276d3,PeruLaptops: Alquiler de laptops para empresas y proyectos ...,perulaptops.pe,WEB_VALIDATED,https://perulaptops.pe/,https://perulaptops.pe/alquiler-de-computadoras,https://perulaptops.pe/alquiler-de-computadoras,200,text/html,Alquiler de computadoras para empresas â en Lima Peru,requests,NO,4725,19,data/cache/html/1b2199da3a112cbbc72f16c6d05cd472b4f276d3/d57e1800205d792b0266cf9522eb1b2f146dc6cc.html,OK,,2026-09-30T18:48:35
7ececd8d66ff679c5be42317f5112a53d8e8142b,7ececd8d66ff679c5be42317f5112a53d8e8142b,1399f19561165553d5acfb6f33549048c0381966,¿Qué es el renting tecnológico y cómo puede ayudar a mi ...,bancsabadell.com,WEB_VALIDATED,https://www.bancsabadell.com/bsnacional/es/blog/que-es-el-renting-tecnologico-y-como-puede-ayudar-a-mi-empresa/,https://www.bancsabadell.com/bsnacional/es/blog/que-es-el-renting-tecnologico-y-como-puede-ayudar-a-mi-empresa/,https://www.bancsabadell.com/bsnacional/es/blog/que-es-el-renting-tecnologico-y-como-puede-ayudar-a-mi-empresa/,200,text/html; charset=UTF-8,¿Qué es el renting tecnológico y cómo puede ayudar a mi empresa?,requests,NO,7865,3,data/cache/html/1399f19561165553d5acfb6f33549048c0381966/7ececd8d66ff679c5be42317f5112a53d8e8142b.html,OK,,2026-09-30T18:59:40
39d2eaffe765390a612ba15900baeef30536de7f,7ececd8d66ff679c5be42317f5112a53d8e8142b,1399f19561165553d5acfb6f33549048c0381966,¿Qué es el renting tecnológico y cómo puede ayudar a mi ...,bancsabadell.com,WEB_VALIDATED,https://www.bancsabadell.com/bsnacional/es/blog/que-es-el-renting-tecnologico-y-como-puede-ayudar-a-mi-empresa/,https://www.bancsabadell.com/bsnacional/es/blog/como-saber-si-un-coche-tiene-reserva-de-dominio-y-que-hacer-si-tiene-cargas/,https://www.bancsabadell.com/bsnacional/es/blog/como-saber-si-un-coche-tiene-reserva-de-dominio-y-que-hacer-si-tiene-cargas/,200,text/html; charset=UTF-8,Cómo saber si un coche tiene reserva de dominio y qué hacer si tiene cargas,requests,NO,8465,3,data/cache/html/1399f19561165553d5acfb6f33549048c0381966/39d2eaffe765390a612ba15900baeef30536de7f.html,OK,,2026-09-30T18:59:42
5ade2ba383764daad2905dad4e11b69bb67bf194,7ececd8d66ff679c5be42317f5112a53d8e8142b,1399f19561165553d5acfb6f33549048c0381966,¿Qué es el renting tecnológico y cómo puede ayudar a mi ...,bancsabadell.com,WEB_VALIDATED,https://www.bancsabadell.com/bsnacional/es/blog/que-es-el-renting-tecnologico-y-como-puede-ayudar-a-mi-empresa/,https://www.bancsabadell.com/bsnacional/es/blog/como-elegir-el-tpv-para-tu-negocio-y-aceptar-pagos-con-tarjeta/,https://www.bancsabadell.com/bsnacional/es/blog/como-elegir-el-tpv-para-tu-negocio-y-aceptar-pagos-con-tarjeta/,200,text/html; charset=UTF-8,¿Cómo elegir el TPV para tu negocio y aceptar pagos con tarjeta?,requests,NO,12290,3,data/cache/html/1399f19561165553d5acfb6f33549048c0381966/5ade2ba383764daad2905dad4e11b69bb67bf194.html,OK,,2026-09-30T18:59:43
723508bba71481edef9e1192db667d6a9e3cdb48,7ececd8d66ff679c5be42317f5112a53d8e8142b,1399f19561165553d5acfb6f33549048c0381966,¿Qué es el renting tecnológico y cómo puede ayudar a mi ...,bancsabadell.com,WEB_VALIDATED,https://www.bancsabadell.com/bsnacional/es/blog/que-es-el-renting-tecnologico-y-como-puede-ayudar-a-mi-empresa/,https://www.bancsabadell.com/bsnacional/es/blog/que-gastos-suelen-disminuir-durante-la-jubilacion-y-cuales-aumentan/,https://www.bancsabadell.com/bsnacional/es/blog/que-gastos-suelen-disminuir-durante-la-jubilacion-y-cuales-aumentan/,200,text/html; charset=UTF-8,Qué gastos suelen disminuir durante la jubilación y cuáles aumentan,requests,NO,9258,3,data/cache/html/1399f19561165553d5acfb6f33549048c0381966/723508bba71481edef9e1192db667d6a9e3cdb48.html,OK,,2026-09-30T18:59:43
a6b248ec440af204f58283388292d71cec42d394,a6b248ec440af204f58283388292d71cec42d394,1399f19561165553d5acfb6f33549048c0381966,¿Qué es el renting tecnológico y cómo puede ayudar a mi ...,bancsabadell.com,HOME,https://www.bancsabadell.com/,https://www.bancsabadell.com/,https://www.bancsabadell.com/,403,text/html; rendered=playwright,Access Denied,playwright,SI,214,0,data/cache/html/1399f19561165553d5acfb6f33549048c0381966/a6b248ec440af204f58283388292d71cec42d394.html,OK,,2026-09-30T18:59:51
3faf6be7ca664274bcb21d0182997d97c98dffc8,3faf6be7ca664274bcb21d0182997d97c98dffc8,1b2199da3a112cbbc72f16c6d05cd472b4f276d3,PeruLaptops: Alquiler de laptops para empresas y proyectos ...,perulaptops.pe,SEARCH_RESULT,https://perulaptops.pe/leasing-operativo.html,https://perulaptops.pe/leasing-operativo.html,https://perulaptops.pe/leasing-operativo.html,200,text/html,"Leasing Operativo â, Alquiler de Computadoras, Venta de laptops y PC",requests,NO,5257,13,data/cache/html/1b2199da3a112cbbc72f16c6d05cd472b4f276d3/3faf6be7ca664274bcb21d0182997d97c98dffc8.html,OK,,2026-09-30T18:59:52
151a8996d5a93fdd805945cb0a514eec4b71efb4,3faf6be7ca664274bcb21d0182997d97c98dffc8,1b2199da3a112cbbc72f16c6d05cd472b4f276d3,PeruLaptops: Alquiler de laptops para empresas y proyectos ...,perulaptops.pe,SEARCH_RESULT,https://perulaptops.pe/leasing-operativo.html,https://perulaptops.pe/alquiler-de-imac,https://perulaptops.pe/alquiler-de-imac,200,text/html,PeruLaptops: Alquiler de Mac  para empresas y proyectos en Perúâ,requests,NO,5244,13,data/cache/html/1b2199da3a112cbbc72f16c6d05cd472b4f276d3/151a8996d5a93fdd805945cb0a514eec4b71efb4.html,OK,,2026-09-30T18:59:53
ded1b6aac3e2360cef0f94c588391618568882b6,3faf6be7ca664274bcb21d0182997d97c98dffc8,1b2199da3a112cbbc72f16c6d05cd472b4f276d3,PeruLaptops: Alquiler de laptops para empresas y proyectos ...,perulaptops.pe,SEARCH_RESULT,https://perulaptops.pe/leasing-operativo.html,https://perulaptops.pe/contactenos,https://perulaptops.pe/contactenos,200,text/html,Alquila laptops de última generación;n Â¡Contáctanos ahora!â,requests,NO,1856,13,data/cache/html/1b2199da3a112cbbc72f16c6d05cd472b4f276d3/ded1b6aac3e2360cef0f94c588391618568882b6.html,OK,,2026-09-30T18:59:54
e2699da8abf8c1b7d22754183c1a538d1aa6603a,3faf6be7ca664274bcb21d0182997d97c98dffc8,1b2199da3a112cbbc72f16c6d05cd472b4f276d3,PeruLaptops: Alquiler de laptops para empresas y proyectos ...,perulaptops.pe,SEARCH_RESULT,https://perulaptops.pe/leasing-operativo.html,https://perulaptops.pe/todo-sobre-el-alquiler-de-laptops,https://perulaptops.pe/todo-sobre-el-alquiler-de-laptops,200,text/html,Todo sobre el alquiler de laptops,requests,NO,5006,11,data/cache/html/1b2199da3a112cbbc72f16c6d05cd472b4f276d3/e2699da8abf8c1b7d22754183c1a538d1aa6603a.html,OK,,2026-09-30T18:59:54
a5e592425ad7403b182a8c337a382d0c5b1fbf63,3faf6be7ca664274bcb21d0182997d97c98dffc8,1b2199da3a112cbbc72f16c6d05cd472b4f276d3,PeruLaptops: Alquiler de laptops para empresas y proyectos ...,perulaptops.pe,SEARCH_RESULT,https://perulaptops.pe/leasing-operativo.html,https://perulaptops.pe/leasing-operativo-en-tecnologia,https://perulaptops.pe/leasing-operativo-en-tecnologia,200,text/html,Leasing Operativo en Tecnologia - PeruLaptops,requests,NO,3140,11,data/cache/html/1b2199da3a112cbbc72f16c6d05cd472b4f276d3/a5e592425ad7403b182a8c337a382d0c5b1fbf63.html,OK,,2026-09-30T18:59:55
c2a65ecf27db0686161a1f39eff524c0dd8bcb41,c2a65ecf27db0686161a1f39eff524c0dd8bcb41,261a037a06348da4f8c02fe62563e0f1cc78fceb,Leasein: La Fintech Peruana Revoluciona el Leasing con ...,blogventurecapital.com,WEB_VALIDATED,https://www.blogventurecapital.com/Leasein-La-Fintech-Peruana-Revoluciona-el-Leasing-con-Tecnologia-y-Sostenibilidad_a574.html,https://www.blogventurecapital.com/Leasein-La-Fintech-Peruana-Revoluciona-el-Leasing-con-Tecnologia-y-Sostenibilidad_a574.html,https://www.blogventurecapital.com/Leasein-La-Fintech-Peruana-Revoluciona-el-Leasing-con-Tecnologia-y-Sostenibilidad_a574.html,200,text/html; charset=UTF-8,Leasein: La Fintech Peruana Revoluciona el Leasing con Tecnología y Sostenibilidad,requests,NO,11315,68,data/cache/html/261a037a06348da4f8c02fe62563e0f1cc78fceb/c2a65ecf27db0686161a1f39eff524c0dd8bcb41.html,OK,,2026-09-30T18:59:56
b714e56337ad8756086dc19bf736984d4de11a9c,c2a65ecf27db0686161a1f39eff524c0dd8bcb41,261a037a06348da4f8c02fe62563e0f1cc78fceb,Leasein: La Fintech Peruana Revoluciona el Leasing con ...,blogventurecapital.com,WEB_VALIDATED,https://www.blogventurecapital.com/Leasein-La-Fintech-Peruana-Revoluciona-el-Leasing-con-Tecnologia-y-Sostenibilidad_a574.html,https://www.blogventurecapital.com/SERVICIOS_r11.html,https://www.blogventurecapital.com/SERVICIOS_r11.html,200,text/html; charset=UTF-8,"Servicios financieros para startups y empresas | Blog Venture Capital | Blog Venture Capital: Revista Digital especializada en Venture Capital, Startups y Tecnología | Innovación en LatAm y Silicon Valley",requests,NO,5947,63,data/cache/html/261a037a06348da4f8c02fe62563e0f1cc78fceb/b714e56337ad8756086dc19bf736984d4de11a9c.html,OK,,2026-09-30T18:59:57
58132b110e8bf38f89d6af236038d0514dbede8e,c2a65ecf27db0686161a1f39eff524c0dd8bcb41,261a037a06348da4f8c02fe62563e0f1cc78fceb,Leasein: La Fintech Peruana Revoluciona el Leasing con ...,blogventurecapital.com,WEB_VALIDATED,https://www.blogventurecapital.com/Leasein-La-Fintech-Peruana-Revoluciona-el-Leasing-con-Tecnologia-y-Sostenibilidad_a574.html,https://www.blogventurecapital.com/Maggu-AI-y-la-nueva-batalla-por-la-productividad-cuando-la-inteligencia-artificial-deja-de-ser-promesa-y-empieza-a_a947.html,https://www.blogventurecapital.com/Maggu-AI-y-la-nueva-batalla-por-la-productividad-cuando-la-inteligencia-artificial-deja-de-ser-promesa-y-empieza-a_a947.html,200,text/html; charset=UTF-8,Maggu AI y la nueva batalla por la productividad: cuando la inteligencia artificial deja de ser promesa y empieza a operar empresas,requests,NO,13233,68,data/cache/html/261a037a06348da4f8c02fe62563e0f1cc78fceb/58132b110e8bf38f89d6af236038d0514dbede8e.html,OK,,2026-09-30T18:59:58
3458513da962ece3203436c1dfcde9e295cc78b3,c2a65ecf27db0686161a1f39eff524c0dd8bcb41,261a037a06348da4f8c02fe62563e0f1cc78fceb,Leasein: La Fintech Peruana Revoluciona el Leasing con ...,blogventurecapital.com,WEB_VALIDATED,https://www.blogventurecapital.com/Leasein-La-Fintech-Peruana-Revoluciona-el-Leasing-con-Tecnologia-y-Sostenibilidad_a574.html,https://www.blogventurecapital.com/tags/crecimiento+empresarial/,https://www.blogventurecapital.com/tags/crecimiento+empresarial/,200,text/html; charset=UTF-8,"Crecimiento empresarial | Tags | Blog Venture Capital: Revista Digital especializada en Venture Capital, Startups y Tecnología | Innovación en LatAm y Silicon Valley",requests,NO,24846,430,data/cache/html/261a037a06348da4f8c02fe62563e0f1cc78fceb/3458513da962ece3203436c1dfcde9e295cc78b3.html,OK,,2026-09-30T18:59:58
7849b7b4d00a482a837d136e24dd26c09724f691,c2a65ecf27db0686161a1f39eff524c0dd8bcb41,261a037a06348da4f8c02fe62563e0f1cc78fceb,Leasein: La Fintech Peruana Revoluciona el Leasing con ...,blogventurecapital.com,WEB_VALIDATED,https://www.blogventurecapital.com/Leasein-La-Fintech-Peruana-Revoluciona-el-Leasing-con-Tecnologia-y-Sostenibilidad_a574.html,https://www.blogventurecapital.com/,https://www.blogventurecapital.com/,200,text/html; charset=UTF-8,"Blog Venture Capital: Revista Digital especializada en Venture Capital, Startups y Tecnología | Innovación en LatAm y Silicon Valley",requests,NO,20455,515,data/cache/html/261a037a06348da4f8c02fe62563e0f1cc78fceb/7849b7b4d00a482a837d136e24dd26c09724f691.html,OK,,2026-09-30T18:59:59
2b72edbc308a80fea727f87eed4f178f34c93c77,2b72edbc308a80fea727f87eed4f178f34c93c77,34f7f8a53724856d0a6c53f544f9712bad60755c,Alquiler de laptops: GlobalSolutions,globalrentingperu.com,WEB_VALIDATED,https://www.globalrentingperu.com/,https://www.globalrentingperu.com/,https://www.globalrentingperu.com/,200,text/html; charset=UTF-8,Alquiler de laptops: GlobalSolutions,requests,NO,3781,6,data/cache/html/34f7f8a53724856d0a6c53f544f9712bad60755c/2b72edbc308a80fea727f87eed4f178f34c93c77.html,OK,,2026-09-30T19:00:00
6f8c48a7b70323276599a22452d33506437f8c83,2b72edbc308a80fea727f87eed4f178f34c93c77,34f7f8a53724856d0a6c53f544f9712bad60755c,Alquiler de laptops: GlobalSolutions,globalrentingperu.com,WEB_VALIDATED,https://www.globalrentingperu.com/,https://www.globalrentingperu.com/nosotros,https://www.globalrentingperu.com/nosotros,200,text/html; charset=UTF-8,Nosotros | GlobalSolutions,requests,NO,1623,6,data/cache/html/34f7f8a53724856d0a6c53f544f9712bad60755c/6f8c48a7b70323276599a22452d33506437f8c83.html,OK,,2026-09-30T19:00:01
88d421ece73e8ef71e1df3fa06e726fee941f45e,2b72edbc308a80fea727f87eed4f178f34c93c77,34f7f8a53724856d0a6c53f544f9712bad60755c,Alquiler de laptops: GlobalSolutions,globalrentingperu.com,WEB_VALIDATED,https://www.globalrentingperu.com/,https://www.globalrentingperu.com/nuestros-productos/líneacomercial,https://www.globalrentingperu.com/nuestros-productos/l%C3%ADneacomercial,200,text/html; charset=UTF-8,Alquiler de Laptops para Oficina y Administrativos | GlobalSolutions,requests,NO,2226,6,data/cache/html/34f7f8a53724856d0a6c53f544f9712bad60755c/88d421ece73e8ef71e1df3fa06e726fee941f45e.html,OK,,2026-09-30T19:00:04
ef2bbe3d54d0f499a954518af57250ee1efbe10b,2b72edbc308a80fea727f87eed4f178f34c93c77,34f7f8a53724856d0a6c53f544f9712bad60755c,Alquiler de laptops: GlobalSolutions,globalrentingperu.com,WEB_VALIDATED,https://www.globalrentingperu.com/,https://www.globalrentingperu.com/nuestros-productos,https://www.globalrentingperu.com/nuestros-productos,200,text/html; charset=UTF-8,"Alquiler laptops, computadoras, impresoras y servidores para empresas | GlobalSolutions",requests,NO,4903,6,data/cache/html/34f7f8a53724856d0a6c53f544f9712bad60755c/ef2bbe3d54d0f499a954518af57250ee1efbe10b.html,OK,,2026-09-30T19:00:05
1dae7f7f36656efc586172af2a21d63a4dd2e27b,2b72edbc308a80fea727f87eed4f178f34c93c77,34f7f8a53724856d0a6c53f544f9712bad60755c,Alquiler de laptops: GlobalSolutions,globalrentingperu.com,WEB_VALIDATED,https://www.globalrentingperu.com/,https://www.globalrentingperu.com/nuestros-productos/altorendimiento,https://www.globalrentingperu.com/nuestros-productos/altorendimiento,200,text/html; charset=UTF-8,Alquiler de Laptops para Ingeniería y Arquitectura (Alto Rendimiento) | GlobalSolutions,requests,NO,6510,6,data/cache/html/34f7f8a53724856d0a6c53f544f9712bad60755c/1dae7f7f36656efc586172af2a21d63a4dd2e27b.html,OK,,2026-09-30T19:00:06
f96c0b8fd7d709b6f01e0159c79bb395453bb8b1,f96c0b8fd7d709b6f01e0159c79bb395453bb8b1,3a747d40d948e34f83bfe278016c97ee9166da33,Leasing Tecnológico,latamtradecapital.com,WEB_VALIDATED,https://www.latamtradecapital.com/peru/leasing-tecnologico.html,https://www.latamtradecapital.com/peru/leasing-tecnologico.html,https://www.latamtradecapital.com/peru/leasing-tecnologico.html,200,text/html; charset=utf-8,Financiamiento rápido para empresas | Desembolsos en 3 horas,requests,NO,9812,18,data/cache/html/3a747d40d948e34f83bfe278016c97ee9166da33/f96c0b8fd7d709b6f01e0159c79bb395453bb8b1.html,OK,,2026-09-30T19:00:07
06646fe19846add0e8dfec945f2a862582927c58,f96c0b8fd7d709b6f01e0159c79bb395453bb8b1,3a747d40d948e34f83bfe278016c97ee9166da33,Leasing Tecnológico,latamtradecapital.com,WEB_VALIDATED,https://www.latamtradecapital.com/peru/leasing-tecnologico.html,https://www.latamtradecapital.com/peru/nosotros.html,https://www.latamtradecapital.com/peru/nosotros.html,200,text/html; charset=utf-8,Financiamiento rápido para empresas | Desembolsos en 3 horas,requests,NO,10238,17,data/cache/html/3a747d40d948e34f83bfe278016c97ee9166da33/06646fe19846add0e8dfec945f2a862582927c58.html,OK,,2026-09-30T19:00:07
8020eb05f1d4368ecd2016133ebfdc9c1f100b36,f96c0b8fd7d709b6f01e0159c79bb395453bb8b1,3a747d40d948e34f83bfe278016c97ee9166da33,Leasing Tecnológico,latamtradecapital.com,WEB_VALIDATED,https://www.latamtradecapital.com/peru/leasing-tecnologico.html,https://www.latamtradecapital.com/peru/vendor-Leasing.html,https://www.latamtradecapital.com/peru/vendor-Leasing.html,200,text/html; charset=utf-8,Financiamiento rápido para empresas | Desembolsos en 3 horas,requests,NO,9548,18,data/cache/html/3a747d40d948e34f83bfe278016c97ee9166da33/8020eb05f1d4368ecd2016133ebfdc9c1f100b36.html,OK,,2026-09-30T19:00:08
c4eca1eb5e7469f96a2b6a74d334d16343e6640f,f96c0b8fd7d709b6f01e0159c79bb395453bb8b1,3a747d40d948e34f83bfe278016c97ee9166da33,Leasing Tecnológico,latamtradecapital.com,WEB_VALIDATED,https://www.latamtradecapital.com/peru/leasing-tecnologico.html,https://www.latamtradecapital.com/chile/,https://www.latamtradecapital.com/chile/,200,text/html; charset=utf-8,Financiamiento rápido para empresas | Desembolsos en 3 horas,requests,NO,10652,17,data/cache/html/3a747d40d948e34f83bfe278016c97ee9166da33/c4eca1eb5e7469f96a2b6a74d334d16343e6640f.html,OK,,2026-09-30T19:00:09
5f2c9b6287bf303b24a489cf18c8110f34c65f0e,f96c0b8fd7d709b6f01e0159c79bb395453bb8b1,3a747d40d948e34f83bfe278016c97ee9166da33,Leasing Tecnológico,latamtradecapital.com,WEB_VALIDATED,https://www.latamtradecapital.com/peru/leasing-tecnologico.html,https://www.latamtradecapital.com/colombia/,https://www.latamtradecapital.com/colombia/,200,text/html; charset=utf-8,En LTC diseñamos soluciones a tu medida.,requests,NO,10455,21,data/cache/html/3a747d40d948e34f83bfe278016c97ee9166da33/5f2c9b6287bf303b24a489cf18c8110f34c65f0e.html,OK,,2026-09-30T19:00:09
e75de2cda7ce82f60f383f8b361d3d3307a8da14,e75de2cda7ce82f60f383f8b361d3d3307a8da14,3a747d40d948e34f83bfe278016c97ee9166da33,Leasing Tecnológico,latamtradecapital.com,HOME,https://www.latamtradecapital.com/,https://www.latamtradecapital.com/,https://www.latamtradecapital.com/chile/,200,text/html; charset=utf-8,Financiamiento rápido para empresas | Desembolsos en 3 horas,requests,NO,10652,17,data/cache/html/3a747d40d948e34f83bfe278016c97ee9166da33/e75de2cda7ce82f60f383f8b361d3d3307a8da14.html,OK,,2026-09-30T19:00:10
b4b8927f54d939df6b0238b1981bd3123c1cf794,e75de2cda7ce82f60f383f8b361d3d3307a8da14,3a747d40d948e34f83bfe278016c97ee9166da33,Leasing Tecnológico,latamtradecapital.com,HOME,https://www.latamtradecapital.com/,https://www.latamtradecapital.com/chile/nosotros.html,https://www.latamtradecapital.com/chile/nosotros.html,200,text/html; charset=utf-8,Financiamiento rápido para empresas | Desembolsos en 3 horas,requests,NO,10057,17,data/cache/html/3a747d40d948e34f83bfe278016c97ee9166da33/b4b8927f54d939df6b0238b1981bd3123c1cf794.html,OK,,2026-09-30T19:00:11
c00e82107489f8c44d8ce5bdf0a026be9bc59ae5,e75de2cda7ce82f60f383f8b361d3d3307a8da14,3a747d40d948e34f83bfe278016c97ee9166da33,Leasing Tecnológico,latamtradecapital.com,HOME,https://www.latamtradecapital.com/,https://www.latamtradecapital.com/chile/leasing-vendor.html,https://www.latamtradecapital.com/chile/leasing-vendor.html,200,text/html; charset=utf-8,Financiamiento rápido para empresas | Desembolsos en 3 horas,requests,NO,9690,17,data/cache/html/3a747d40d948e34f83bfe278016c97ee9166da33/c00e82107489f8c44d8ce5bdf0a026be9bc59ae5.html,OK,,2026-09-30T19:00:12
caac958104f5dd084b6b6a107c2ae48b0fa1abdd,e75de2cda7ce82f60f383f8b361d3d3307a8da14,3a747d40d948e34f83bfe278016c97ee9166da33,Leasing Tecnológico,latamtradecapital.com,HOME,https://www.latamtradecapital.com/,https://www.latamtradecapital.com/chile/leasing.html,https://www.latamtradecapital.com/chile/leasing.html,200,text/html; charset=utf-8,Financiamiento rápido para empresas | Desembolsos en 3 horas,requests,NO,10224,17,data/cache/html/3a747d40d948e34f83bfe278016c97ee9166da33/caac958104f5dd084b6b6a107c2ae48b0fa1abdd.html,OK,,2026-09-30T19:00:12
683c7ee7b6983315f75b064c8b7f40c0e69d0021,e75de2cda7ce82f60f383f8b361d3d3307a8da14,3a747d40d948e34f83bfe278016c97ee9166da33,Leasing Tecnológico,latamtradecapital.com,HOME,https://www.latamtradecapital.com/,https://www.latamtradecapital.com/peru/,https://www.latamtradecapital.com/peru/,200,text/html; charset=utf-8,En LTC diseñamos soluciones a tu medida.,requests,NO,10850,18,data/cache/html/3a747d40d948e34f83bfe278016c97ee9166da33/683c7ee7b6983315f75b064c8b7f40c0e69d0021.html,OK,,2026-09-30T19:00:13
36fa8d47cc7a61a7566bec99fc5d6bad25e2545f,36fa8d47cc7a61a7566bec99fc5d6bad25e2545f,3d4ac363b8a0aebd9379daae76664ce1325186e1,LEASING OPERATIVO,globals.pe,WEB_VALIDATED,https://globals.pe/leasing-operativo/,https://globals.pe/leasing-operativo/,https://globals.pe/leasing-operativo/,200,text/html; charset=UTF-8,LEASING OPERATIVO - Global Solutions Perú,requests,NO,4809,14,data/cache/html/3d4ac363b8a0aebd9379daae76664ce1325186e1/36fa8d47cc7a61a7566bec99fc5d6bad25e2545f.html,OK,,2026-09-30T19:00:14
c2a10d160288230daaebb848457769adfbdcfdb3,36fa8d47cc7a61a7566bec99fc5d6bad25e2545f,3d4ac363b8a0aebd9379daae76664ce1325186e1,LEASING OPERATIVO,globals.pe,WEB_VALIDATED,https://globals.pe/leasing-operativo/,https://globals.pe/contacto/,https://globals.pe/contacto/,200,text/html; charset=UTF-8,CONTACTO - Global Solutions Perú,requests,NO,1671,13,data/cache/html/3d4ac363b8a0aebd9379daae76664ce1325186e1/c2a10d160288230daaebb848457769adfbdcfdb3.html,OK,,2026-09-30T19:00:14
c2253ea806b32c30d8338341aeeeb81e52d8fddd,36fa8d47cc7a61a7566bec99fc5d6bad25e2545f,3d4ac363b8a0aebd9379daae76664ce1325186e1,LEASING OPERATIVO,globals.pe,WEB_VALIDATED,https://globals.pe/leasing-operativo/,https://globals.pe/tienda/alquiler-de-laptops/,https://globals.pe/tienda/alquiler-de-laptops/,200,text/html; charset=UTF-8,Alquiler de Laptops - Global Solutions Perú,requests,NO,1962,19,data/cache/html/3d4ac363b8a0aebd9379daae76664ce1325186e1/c2253ea806b32c30d8338341aeeeb81e52d8fddd.html,OK,,2026-09-30T19:00:15
5a1d5124158e18b6c7191fec65f46bb875d93ced,36fa8d47cc7a61a7566bec99fc5d6bad25e2545f,3d4ac363b8a0aebd9379daae76664ce1325186e1,LEASING OPERATIVO,globals.pe,WEB_VALIDATED,https://globals.pe/leasing-operativo/,https://globals.pe/,https://globals.pe/,200,text/html; charset=UTF-8,INICIO - Global Solutions Perú,requests,NO,5015,17,data/cache/html/3d4ac363b8a0aebd9379daae76664ce1325186e1/5a1d5124158e18b6c7191fec65f46bb875d93ced.html,OK,,2026-09-30T19:00:15
79d20d1bb665ce681dc774270c5f518689051810,36fa8d47cc7a61a7566bec99fc5d6bad25e2545f,3d4ac363b8a0aebd9379daae76664ce1325186e1,LEASING OPERATIVO,globals.pe,WEB_VALIDATED,https://globals.pe/leasing-operativo/,https://globals.pe/quienes-somos/,https://globals.pe/quienes-somos/,200,text/html; charset=UTF-8,QUIENES SOMOS - Global Solutions Perú,requests,NO,2448,13,data/cache/html/3d4ac363b8a0aebd9379daae76664ce1325186e1/79d20d1bb665ce681dc774270c5f518689051810.html,OK,,2026-09-30T19:00:16
7088ab9a433fd94cfaf4e2cf39a1191e62a72bb0,7088ab9a433fd94cfaf4e2cf39a1191e62a72bb0,409ddeeb094045346512d130a8615d877d59fd9c,Arrendamiento de laptops para empresas en Peru,cervware.com,WEB_VALIDATED,https://cervware.com/arrendamiento-laptops-empresas-peru/,https://cervware.com/arrendamiento-laptops-empresas-peru/,https://cervware.com/arrendamiento-laptops-empresas-peru/,200,text/html,Arrendamiento de laptops para empresas en Peru | CERVware,requests,NO,3151,11,data/cache/html/409ddeeb094045346512d130a8615d877d59fd9c/7088ab9a433fd94cfaf4e2cf39a1191e62a72bb0.html,OK,,2026-09-30T19:00:17
c7dc75c406851f48f860b65bf11653ce91811fce,7088ab9a433fd94cfaf4e2cf39a1191e62a72bb0,409ddeeb094045346512d130a8615d877d59fd9c,Arrendamiento de laptops para empresas en Peru,cervware.com,WEB_VALIDATED,https://cervware.com/arrendamiento-laptops-empresas-peru/,https://cervware.com/contacto/,https://cervware.com/contacto/,200,text/html,Cotizar renting tecnologico | CERVware,requests,NO,2817,11,data/cache/html/409ddeeb094045346512d130a8615d877d59fd9c/c7dc75c406851f48f860b65bf11653ce91811fce.html,OK,,2026-09-30T19:00:17
fcadb73eef3a51cfe209509fe02a8ceb2c7cabe4,7088ab9a433fd94cfaf4e2cf39a1191e62a72bb0,409ddeeb094045346512d130a8615d877d59fd9c,Arrendamiento de laptops para empresas en Peru,cervware.com,WEB_VALIDATED,https://cervware.com/arrendamiento-laptops-empresas-peru/,https://cervware.com/servicios/impresoras-administradas/,https://cervware.com/servicios/impresoras-administradas/,200,text/html,Renting de impresoras administradas | Renting tecnologico | CERVware,requests,NO,2130,11,data/cache/html/409ddeeb094045346512d130a8615d877d59fd9c/fcadb73eef3a51cfe209509fe02a8ceb2c7cabe4.html,OK,,2026-09-30T19:00:18
f4f2ecf1da2cdaad8c02fdb518a15c9aa80d02b5,7088ab9a433fd94cfaf4e2cf39a1191e62a72bb0,409ddeeb094045346512d130a8615d877d59fd9c,Arrendamiento de laptops para empresas en Peru,cervware.com,WEB_VALIDATED,https://cervware.com/arrendamiento-laptops-empresas-peru/,https://cervware.com/renting-laptops-empresas-peru/,https://cervware.com/renting-laptops-empresas-peru/,200,text/html,Renting de laptops para empresas en Peru desde US$49 | CERVware,requests,NO,6632,12,data/cache/html/409ddeeb094045346512d130a8615d877d59fd9c/f4f2ecf1da2cdaad8c02fdb518a15c9aa80d02b5.html,OK,,2026-09-30T19:00:18
d6c43d8c3dc1c14609fb48b3be1256de1b15ca7f,7088ab9a433fd94cfaf4e2cf39a1191e62a72bb0,409ddeeb094045346512d130a8615d877d59fd9c,Arrendamiento de laptops para empresas en Peru,cervware.com,WEB_VALIDATED,https://cervware.com/arrendamiento-laptops-empresas-peru/,https://cervware.com/alquiler-laptops-empresas-peru/,https://cervware.com/alquiler-laptops-empresas-peru/,200,text/html,Alquiler de laptops y computadoras para empresas en Peru | CERVware,requests,NO,5868,12,data/cache/html/409ddeeb094045346512d130a8615d877d59fd9c/d6c43d8c3dc1c14609fb48b3be1256de1b15ca7f.html,OK,,2026-09-30T19:00:19
aa193f9e281e7ec30ba1ae231c30e6f5ff8df528,aa193f9e281e7ec30ba1ae231c30e6f5ff8df528,409ddeeb094045346512d130a8615d877d59fd9c,Arrendamiento de laptops para empresas en Peru,cervware.com,HOME,https://cervware.com/,https://cervware.com/,https://cervware.com/,200,text/html,CERVWARE | Renting de laptops Lenovo para empresas,requests,NO,14862,16,data/cache/html/409ddeeb094045346512d130a8615d877d59fd9c/aa193f9e281e7ec30ba1ae231c30e6f5ff8df528.html,OK,,2026-09-30T19:00:20
750eb99b9efff0c2094bc82967f7607d74b7c814,aa193f9e281e7ec30ba1ae231c30e6f5ff8df528,409ddeeb094045346512d130a8615d877d59fd9c,Arrendamiento de laptops para empresas en Peru,cervware.com,HOME,https://cervware.com/,https://cervware.com/servicios/soporte-presencial/,https://cervware.com/servicios/soporte-presencial/,200,text/html,Instalacion y soporte incluido en renting | Renting tecnologico | CERVware,requests,NO,1891,11,data/cache/html/409ddeeb094045346512d130a8615d877d59fd9c/750eb99b9efff0c2094bc82967f7607d74b7c814.html,OK,,2026-09-30T19:00:20
96cc7738a7f3b30fe902b6b6bf0933c0cecc5ad3,aa193f9e281e7ec30ba1ae231c30e6f5ff8df528,409ddeeb094045346512d130a8615d877d59fd9c,Arrendamiento de laptops para empresas en Peru,cervware.com,HOME,https://cervware.com/,https://cervware.com/servicios/workpulse/,https://cervware.com/servicios/workpulse/,200,text/html,CERVware WorkPulse | Analitica para laptops en renting | CERVware,requests,NO,5990,11,data/cache/html/409ddeeb094045346512d130a8615d877d59fd9c/96cc7738a7f3b30fe902b6b6bf0933c0cecc5ad3.html,OK,,2026-09-30T19:00:21
772f41f599fec0a9e46b8292339098cabf2c1370,aa193f9e281e7ec30ba1ae231c30e6f5ff8df528,409ddeeb094045346512d130a8615d877d59fd9c,Arrendamiento de laptops para empresas en Peru,cervware.com,HOME,https://cervware.com/,https://cervware.com/servicios/puestos-de-trabajo-administrados/,https://cervware.com/servicios/puestos-de-trabajo-administrados/,200,text/html,Renting de laptops Lenovo | Renting tecnologico | CERVware,requests,NO,1726,11,data/cache/html/409ddeeb094045346512d130a8615d877d59fd9c/772f41f599fec0a9e46b8292339098cabf2c1370.html,OK,,2026-09-30T19:00:22
7f08ad02c365b07e10083f41e22370ed17201957,aa193f9e281e7ec30ba1ae231c30e6f5ff8df528,409ddeeb094045346512d130a8615d877d59fd9c,Arrendamiento de laptops para empresas en Peru,cervware.com,HOME,https://cervware.com/,https://cervware.com/servicios/abastecimiento-ti/,https://cervware.com/servicios/abastecimiento-ti/,200,text/html,Accesorios para clientes de renting | Renting tecnologico | CERVware,requests,NO,1551,11,data/cache/html/409ddeeb094045346512d130a8615d877d59fd9c/7f08ad02c365b07e10083f41e22370ed17201957.html,OK,,2026-09-30T19:00:22
fb4b5413f191f1b3c1bb3f700e2f97e34147b746,fb4b5413f191f1b3c1bb3f700e2f97e34147b746,4c3427773c82de1b335290dc4c6af20c1a033e4d,Qué es el renting tecnológico y sus principales ventajas,camaranavarra.com,WEB_VALIDATED,https://ticnegocios.camaranavarra.com/servicios/tendencias/que-es-el-renting-tecnologico-y-sus-principales-ventajas/,https://ticnegocios.camaranavarra.com/servicios/tendencias/que-es-el-renting-tecnologico-y-sus-principales-ventajas/,https://ticnegocios.camaranavarra.com/servicios/tendencias/que-es-el-renting-tecnologico-y-sus-principales-ventajas/,200,text/html; charset=UTF-8,Qué es el renting tecnológico y sus principales ventajas,requests,NO,8162,36,data/cache/html/4c3427773c82de1b335290dc4c6af20c1a033e4d/fb4b5413f191f1b3c1bb3f700e2f97e34147b746.html,OK,,2026-09-30T19:00:24
8efc84c30bfc92472a0cfe4116bd748e85776fd6,fb4b5413f191f1b3c1bb3f700e2f97e34147b746,4c3427773c82de1b335290dc4c6af20c1a033e4d,Qué es el renting tecnológico y sus principales ventajas,camaranavarra.com,WEB_VALIDATED,https://ticnegocios.camaranavarra.com/servicios/tendencias/que-es-el-renting-tecnologico-y-sus-principales-ventajas/,https://ticnegocios.camaranavarra.com/servicios/contacto,https://ticnegocios.camaranavarra.com/servicios/contacto/,200,text/html; charset=UTF-8,TIC Negocios - Página de contacto,requests,NO,1177,29,data/cache/html/4c3427773c82de1b335290dc4c6af20c1a033e4d/8efc84c30bfc92472a0cfe4116bd748e85776fd6.html,OK,,2026-09-30T19:00:26
273cfc775f37d34ebf13e35f88065ff017c36e16,fb4b5413f191f1b3c1bb3f700e2f97e34147b746,4c3427773c82de1b335290dc4c6af20c1a033e4d,Qué es el renting tecnológico y sus principales ventajas,camaranavarra.com,WEB_VALIDATED,https://ticnegocios.camaranavarra.com/servicios/tendencias/que-es-el-renting-tecnologico-y-sus-principales-ventajas/,https://ticnegocios.camaranavarra.com/servicios/contacto/,https://ticnegocios.camaranavarra.com/servicios/contacto/,200,text/html; charset=UTF-8,TIC Negocios - Página de contacto,requests,NO,1177,29,data/cache/html/4c3427773c82de1b335290dc4c6af20c1a033e4d/273cfc775f37d34ebf13e35f88065ff017c36e16.html,OK,,2026-09-30T19:00:27
4ad567ec7c9f18f904c639be126ec14e61c97501,fb4b5413f191f1b3c1bb3f700e2f97e34147b746,4c3427773c82de1b335290dc4c6af20c1a033e4d,Qué es el renting tecnológico y sus principales ventajas,camaranavarra.com,WEB_VALIDATED,https://ticnegocios.camaranavarra.com/servicios/tendencias/que-es-el-renting-tecnologico-y-sus-principales-ventajas/,https://ticnegocios.camaranavarra.com/servicios/tendencias,https://ticnegocios.camaranavarra.com/servicios/tendencias/,200,text/html; charset=UTF-8,TIC Negocios - Las últimas noticias y novedades tecnológicas,requests,NO,3548,98,data/cache/html/4c3427773c82de1b335290dc4c6af20c1a033e4d/4ad567ec7c9f18f904c639be126ec14e61c97501.html,OK,,2026-09-30T19:00:29
bdb43899eda7b9ac9f0d698b6313deba78bc7317,fb4b5413f191f1b3c1bb3f700e2f97e34147b746,4c3427773c82de1b335290dc4c6af20c1a033e4d,Qué es el renting tecnológico y sus principales ventajas,camaranavarra.com,WEB_VALIDATED,https://ticnegocios.camaranavarra.com/servicios/tendencias/que-es-el-renting-tecnologico-y-sus-principales-ventajas/,https://ticnegocios.camaranavarra.com/servicios/agenda,https://ticnegocios.camaranavarra.com/servicios/agenda/,200,text/html; charset=UTF-8,TIC Negocios - Agenda de eventos de networking,requests,NO,1434,29,data/cache/html/4c3427773c82de1b335290dc4c6af20c1a033e4d/bdb43899eda7b9ac9f0d698b6313deba78bc7317.html,OK,,2026-09-30T19:00:31
89ac085afc43a14f78476a8a56b2ebb4481773b7,89ac085afc43a14f78476a8a56b2ebb4481773b7,4c3427773c82de1b335290dc4c6af20c1a033e4d,Qué es el renting tecnológico y sus principales ventajas,camaranavarra.com,HOME,https://ticnegocios.camaranavarra.com/,https://ticnegocios.camaranavarra.com/,https://ticnegocios.camaranavarra.com/,200,text/html; charset=UTF-8,El portal de la tecnología para los negocios | Cámara Navarra,requests,NO,4785,56,data/cache/html/4c3427773c82de1b335290dc4c6af20c1a033e4d/89ac085afc43a14f78476a8a56b2ebb4481773b7.html,OK,,2026-09-30T19:00:33
92fb334b1d8e4902fea0f3a8c0c745e09d020c4b,89ac085afc43a14f78476a8a56b2ebb4481773b7,4c3427773c82de1b335290dc4c6af20c1a033e4d,Qué es el renting tecnológico y sus principales ventajas,camaranavarra.com,HOME,https://ticnegocios.camaranavarra.com/,https://ticnegocios.camaranavarra.com/servicios/tendencias/fraude-del-ceo-y-deepfakes-la-nueva-cara-de-la-estafa-empresarial/,https://ticnegocios.camaranavarra.com/servicios/tendencias/fraude-del-ceo-y-deepfakes-la-nueva-cara-de-la-estafa-empresarial/,200,text/html; charset=UTF-8,Fraude del CEO y deepfakes: la nueva cara de la estafa empresarial - Tecnología para los negocios,requests,NO,8618,35,data/cache/html/4c3427773c82de1b335290dc4c6af20c1a033e4d/92fb334b1d8e4902fea0f3a8c0c745e09d020c4b.html,OK,,2026-09-30T19:00:34
9ed45f0df8fd79524c9469136ee44ed171f7e0b0,89ac085afc43a14f78476a8a56b2ebb4481773b7,4c3427773c82de1b335290dc4c6af20c1a033e4d,Qué es el renting tecnológico y sus principales ventajas,camaranavarra.com,HOME,https://ticnegocios.camaranavarra.com/,https://ticnegocios.camaranavarra.com/servicios/tendencias/la-huella-de-carbono-en-la-cuenta-de-resultados-y-el-mecanismo-cbam-para-empresas/,https://ticnegocios.camaranavarra.com/servicios/tendencias/la-huella-de-carbono-en-la-cuenta-de-resultados-y-el-mecanismo-cbam-para-empresas/,200,text/html; charset=UTF-8,La huella de carbono en la cuenta de resultados y el mecanismo CBAM para empresas - Tecnología para los negocios,requests,NO,8473,35,data/cache/html/4c3427773c82de1b335290dc4c6af20c1a033e4d/9ed45f0df8fd79524c9469136ee44ed171f7e0b0.html,OK,,2026-09-30T19:00:36
27cda1a925f0eae37f1056451d5bb318d58df46a,89ac085afc43a14f78476a8a56b2ebb4481773b7,4c3427773c82de1b335290dc4c6af20c1a033e4d,Qué es el renting tecnológico y sus principales ventajas,camaranavarra.com,HOME,https://ticnegocios.camaranavarra.com/,https://ticnegocios.camaranavarra.com/servicios/noticias/la-demanda-de-ia-dispara-el-precio-de-la-memoria-y-presiona-los-presupuestos-tecnologicos-de-las-empresas/,https://ticnegocios.camaranavarra.com/servicios/noticias/la-demanda-de-ia-dispara-el-precio-de-la-memoria-y-presiona-los-presupuestos-tecnologicos-de-las-empresas/,200,text/html; charset=UTF-8,La demanda de IA dispara el precio de la memoria y presiona los presupuestos tecnológicos de las empresas - Tecnología para los negocios,requests,NO,3969,35,data/cache/html/4c3427773c82de1b335290dc4c6af20c1a033e4d/27cda1a925f0eae37f1056451d5bb318d58df46a.html,OK,,2026-09-30T19:00:37
661298f7d2f72f25d812ebea48273451b08ba3c4,89ac085afc43a14f78476a8a56b2ebb4481773b7,4c3427773c82de1b335290dc4c6af20c1a033e4d,Qué es el renting tecnológico y sus principales ventajas,camaranavarra.com,HOME,https://ticnegocios.camaranavarra.com/,https://ticnegocios.camaranavarra.com/servicios/podcast/la-gestion-del-dato-en-las-empresas-y-su-seguridad-con-inclusion-de-la-ia/,https://ticnegocios.camaranavarra.com/servicios/podcast/la-gestion-del-dato-en-las-empresas-y-su-seguridad-con-inclusion-de-la-ia/,200,text/html; charset=UTF-8,La gestión del dato en las empresas y su seguridad con inclusión de la IA - Tecnología para los negocios,requests,NO,2821,33,data/cache/html/4c3427773c82de1b335290dc4c6af20c1a033e4d/661298f7d2f72f25d812ebea48273451b08ba3c4.html,OK,,2026-09-30T19:00:38
c2450693979f9a889dc17b9b0e8463a6bb91460f,c2450693979f9a889dc17b9b0e8463a6bb91460f,544000454f3ee5f4a750578dc4263c9e3674e53c,Alquiler de Laptops Corporativas en Perú,alquilalaptops.com,WEB_VALIDATED,https://alquilalaptops.com/,https://alquilalaptops.com/,https://alquilalaptops.com/,200,text/html; charset=UTF-8,Alquiler de Laptops Corporativas en Perú,requests,NO,3784,4,data/cache/html/544000454f3ee5f4a750578dc4263c9e3674e53c/c2450693979f9a889dc17b9b0e8463a6bb91460f.html,OK,,2026-09-30T19:00:40
2642546b2b0efa3cc8de81b8301efc25d26608c8,c2450693979f9a889dc17b9b0e8463a6bb91460f,544000454f3ee5f4a750578dc4263c9e3674e53c,Alquiler de Laptops Corporativas en Perú,alquilalaptops.com,WEB_VALIDATED,https://alquilalaptops.com/,https://alquilalaptops.com/contacto/whatsapp.php,"https://api.whatsapp.com/send?phone=51987146591&text=Hola,%20quisiera%20saber%20m%C3%A1s%20acerca%20del%20alquiler%20de%20laptops%20%F0%9F%92%BB",200,"text/html; charset=""utf-8""",Share on WhatsApp,requests,NO,1339,0,data/cache/html/544000454f3ee5f4a750578dc4263c9e3674e53c/2642546b2b0efa3cc8de81b8301efc25d26608c8.html,OK,,2026-09-30T19:00:43
e1cd40cf1bf468378d6016b7d8ef8bce91df51ec,c2450693979f9a889dc17b9b0e8463a6bb91460f,544000454f3ee5f4a750578dc4263c9e3674e53c,Alquiler de Laptops Corporativas en Perú,alquilalaptops.com,WEB_VALIDATED,https://alquilalaptops.com/,https://alquilalaptops.com/comunicate/,https://alquilalaptops.com/comunicate/,200,text/html; rendered=playwright,comunicate - Alquilaptops,playwright,SI,414,3,data/cache/html/544000454f3ee5f4a750578dc4263c9e3674e53c/e1cd40cf1bf468378d6016b7d8ef8bce91df51ec.html,OK,,2026-09-30T19:00:51
50a445f2918995f3d1fe88248718e06a5838faa1,c2450693979f9a889dc17b9b0e8463a6bb91460f,544000454f3ee5f4a750578dc4263c9e3674e53c,Alquiler de Laptops Corporativas en Perú,alquilalaptops.com,WEB_VALIDATED,https://alquilalaptops.com/,https://alquilalaptops.com/blog/,https://alquilalaptops.com/blog/,200,text/html; charset=UTF-8,Blog - Alquilaptops,requests,NO,1050,11,data/cache/html/544000454f3ee5f4a750578dc4263c9e3674e53c/50a445f2918995f3d1fe88248718e06a5838faa1.html,OK,,2026-09-30T19:00:52
f6d1f8247664645380002499cfb4feb606412d04,c2450693979f9a889dc17b9b0e8463a6bb91460f,544000454f3ee5f4a750578dc4263c9e3674e53c,Alquiler de Laptops Corporativas en Perú,alquilalaptops.com,WEB_VALIDATED,https://alquilalaptops.com/,https://alquilalaptops.com/blog/potencia-tu-eficiencia-empresarial-con-el-alquiler-de-laptops/,https://alquilalaptops.com/blog/potencia-tu-eficiencia-empresarial-con-el-alquiler-de-laptops/,200,text/html; charset=UTF-8,Potencia tu eficiencia empresarial con el alquiler de laptops - Alquilaptops,requests,NO,4030,3,data/cache/html/544000454f3ee5f4a750578dc4263c9e3674e53c/f6d1f8247664645380002499cfb4feb606412d04.html,OK,,2026-09-30T19:00:53
c806c2a5f28379206eee50ac543ac4ca25f48c81,c806c2a5f28379206eee50ac543ac4ca25f48c81,6072310c34cb36d2cc36d124c54cb036aca79f06,¿Qué es el renting tecnológico y cómo ayuda a las empresas,k-tuin.com,WEB_VALIDATED,https://www.k-tuin.com/blog/que-es-renting-tecnologico,https://www.k-tuin.com/blog/que-es-renting-tecnologico,https://www.k-tuin.com/blog/que-es-renting-tecnologico,200,text/html; charset=UTF-8,¿Qué es el renting tecnológico y cómo ayuda a las empresas | Blog K-tuin,requests,NO,10063,131,data/cache/html/6072310c34cb36d2cc36d124c54cb036aca79f06/c806c2a5f28379206eee50ac543ac4ca25f48c81.html,OK,,2026-09-30T19:00:54
e23c33e7b88fc648ad7a4757b8902c08cc333133,c806c2a5f28379206eee50ac543ac4ca25f48c81,6072310c34cb36d2cc36d124c54cb036aca79f06,¿Qué es el renting tecnológico y cómo ayuda a las empresas,k-tuin.com,WEB_VALIDATED,https://www.k-tuin.com/blog/que-es-renting-tecnologico,https://www.k-tuin.com/ayuda,https://www.k-tuin.com/ayuda,200,text/html; charset=UTF-8,Ayuda y Contacto | K-tuin · Apple Premium Partner,requests,NO,16279,108,data/cache/html/6072310c34cb36d2cc36d124c54cb036aca79f06/e23c33e7b88fc648ad7a4757b8902c08cc333133.html,OK,,2026-09-30T19:00:55
61fccc26a123792c95034510301c21586abfbc95,c806c2a5f28379206eee50ac543ac4ca25f48c81,6072310c34cb36d2cc36d124c54cb036aca79f06,¿Qué es el renting tecnológico y cómo ayuda a las empresas,k-tuin.com,WEB_VALIDATED,https://www.k-tuin.com/blog/que-es-renting-tecnologico,https://www.k-tuin.com/empresas/renting-apple,https://www.k-tuin.com/empresas/renting-apple/,200,text/html; charset=utf-8,Renting Apple para empresas | K-tuin Empresas,requests,NO,55007,25,data/cache/html/6072310c34cb36d2cc36d124c54cb036aca79f06/61fccc26a123792c95034510301c21586abfbc95.html,OK,,2026-09-30T19:00:57
b14bc9f3f3cdea2da0e433b228f49ef8d0097fe3,c806c2a5f28379206eee50ac543ac4ca25f48c81,6072310c34cb36d2cc36d124c54cb036aca79f06,¿Qué es el renting tecnológico y cómo ayuda a las empresas,k-tuin.com,WEB_VALIDATED,https://www.k-tuin.com/blog/que-es-renting-tecnologico,https://www.k-tuin.com/empresas/,https://www.k-tuin.com/empresas/,200,text/html; charset=utf-8,Especialistas en Pymes | K-tuin Empresas,requests,NO,4384,33,data/cache/html/6072310c34cb36d2cc36d124c54cb036aca79f06/b14bc9f3f3cdea2da0e433b228f49ef8d0097fe3.html,OK,,2026-09-30T19:00:58
e92cc57ffc61e89e57c113fce889f14bd9098094,c806c2a5f28379206eee50ac543ac4ca25f48c81,6072310c34cb36d2cc36d124c54cb036aca79f06,¿Qué es el renting tecnológico y cómo ayuda a las empresas,k-tuin.com,WEB_VALIDATED,https://www.k-tuin.com/blog/que-es-renting-tecnologico,https://www.k-tuin.com/reparaciones,https://www.k-tuin.com/reparaciones,200,text/html; charset=UTF-8,Reparaciones servicio técnico Apple autorizado | K-tuin,requests,NO,7191,109,data/cache/html/6072310c34cb36d2cc36d124c54cb036aca79f06/e92cc57ffc61e89e57c113fce889f14bd9098094.html,OK,,2026-09-30T19:00:59
2b0fd8f23e2ea705e3f7d51c44a2f9458f222528,2b0fd8f23e2ea705e3f7d51c44a2f9458f222528,6072310c34cb36d2cc36d124c54cb036aca79f06,¿Qué es el renting tecnológico y cómo ayuda a las empresas,k-tuin.com,HOME,https://www.k-tuin.com/,https://www.k-tuin.com/,https://www.k-tuin.com/,200,text/html; charset=UTF-8,K-tuin · Apple Premium Partner,requests,NO,9564,135,data/cache/html/6072310c34cb36d2cc36d124c54cb036aca79f06/2b0fd8f23e2ea705e3f7d51c44a2f9458f222528.html,OK,,2026-09-30T19:00:59
647f43f1bc3a5bd1487066a91fc9d967906023c2,2b0fd8f23e2ea705e3f7d51c44a2f9458f222528,6072310c34cb36d2cc36d124c54cb036aca79f06,¿Qué es el renting tecnológico y cómo ayuda a las empresas,k-tuin.com,HOME,https://www.k-tuin.com/,https://www.k-tuin.com/empresas/soporte-tecnico-empresas,https://www.k-tuin.com/empresas/soporte-tecnico-empresas/,200,text/html; charset=utf-8,Soporte Técnico Empresas | K-tuin Empresas,requests,NO,4025,23,data/cache/html/6072310c34cb36d2cc36d124c54cb036aca79f06/647f43f1bc3a5bd1487066a91fc9d967906023c2.html,OK,,2026-09-30T19:01:01
cd9171b785a806c5f81937b5d29cb11776030789,2b0fd8f23e2ea705e3f7d51c44a2f9458f222528,6072310c34cb36d2cc36d124c54cb036aca79f06,¿Qué es el renting tecnológico y cómo ayuda a las empresas,k-tuin.com,HOME,https://www.k-tuin.com/,https://www.k-tuin.com/empresas/formacion-para-empresas,https://www.k-tuin.com/empresas/formacion-para-empresas/,200,text/html; charset=utf-8,Formación para empresas | K-tuin Empresas,requests,NO,3863,28,data/cache/html/6072310c34cb36d2cc36d124c54cb036aca79f06/cd9171b785a806c5f81937b5d29cb11776030789.html,OK,,2026-09-30T19:01:02
919a01a4b22895aa012ee912d29e06e36e388709,2b0fd8f23e2ea705e3f7d51c44a2f9458f222528,6072310c34cb36d2cc36d124c54cb036aca79f06,¿Qué es el renting tecnológico y cómo ayuda a las empresas,k-tuin.com,HOME,https://www.k-tuin.com/,https://www.k-tuin.com/empresas?to=form,https://www.k-tuin.com/empresas/,200,text/html; charset=utf-8,Especialistas en Pymes | K-tuin Empresas,requests,NO,4384,33,data/cache/html/6072310c34cb36d2cc36d124c54cb036aca79f06/919a01a4b22895aa012ee912d29e06e36e388709.html,OK,,2026-09-30T19:01:03
e84c5771019dac412a730a45f71a934af97d1d62,2b0fd8f23e2ea705e3f7d51c44a2f9458f222528,6072310c34cb36d2cc36d124c54cb036aca79f06,¿Qué es el renting tecnológico y cómo ayuda a las empresas,k-tuin.com,HOME,https://www.k-tuin.com/,https://www.k-tuin.com/formacion,https://www.k-tuin.com/formacion,200,text/html; charset=UTF-8,"Formación Apple para particulares, empresas y educación | K-tuin",requests,NO,4618,111,data/cache/html/6072310c34cb36d2cc36d124c54cb036aca79f06/e84c5771019dac412a730a45f71a934af97d1d62.html,OK,,2026-09-30T19:01:04
aa222b18641950ca21b08e189a884c37996aa3f0,aa222b18641950ca21b08e189a884c37996aa3f0,64ba78fc4a60759a910d1ad59a66aa1bae0e2e08,FINTEC: Alquiler de laptops y leasing operativo,fintec.com.pe,WEB_VALIDATED,https://www.fintec.com.pe/,https://www.fintec.com.pe/,https://www.fintec.com.pe/,200,text/html; charset=UTF-8,FINTEC: Alquiler de laptops y leasing operativo,requests,NO,5459,5,data/cache/html/64ba78fc4a60759a910d1ad59a66aa1bae0e2e08/aa222b18641950ca21b08e189a884c37996aa3f0.html,OK,,2026-09-30T19:01:05
fa221e7bcede3b35c1465b970f34b8ec5125027c,aa222b18641950ca21b08e189a884c37996aa3f0,64ba78fc4a60759a910d1ad59a66aa1bae0e2e08,FINTEC: Alquiler de laptops y leasing operativo,fintec.com.pe,WEB_VALIDATED,https://www.fintec.com.pe/,https://www.fintec.com.pe/alquilar-equipos-tecnologicos-para-expandir-tu-negocio/,https://www.fintec.com.pe/alquilar-equipos-tecnologicos-para-expandir-tu-negocio/,200,text/html; charset=UTF-8,Alquilar equipos tecnológicos para expandir tu negocio - FINTEC:,requests,NO,4285,16,data/cache/html/64ba78fc4a60759a910d1ad59a66aa1bae0e2e08/fa221e7bcede3b35c1465b970f34b8ec5125027c.html,OK,,2026-09-30T19:01:07
d6d78969726a3914510f6d8098eda6e1888af8b4,aa222b18641950ca21b08e189a884c37996aa3f0,64ba78fc4a60759a910d1ad59a66aa1bae0e2e08,FINTEC: Alquiler de laptops y leasing operativo,fintec.com.pe,WEB_VALIDATED,https://www.fintec.com.pe/,https://www.fintec.com.pe/hp-inc-2/,https://www.fintec.com.pe/hp-inc-2/,200,text/html; charset=UTF-8,HP Inc - FINTEC:,requests,NO,270,2,data/cache/html/64ba78fc4a60759a910d1ad59a66aa1bae0e2e08/d6d78969726a3914510f6d8098eda6e1888af8b4.html,OK,,2026-09-30T19:01:08
508c256e40f2f07a62aac5b4455ee18cca78b224,aa222b18641950ca21b08e189a884c37996aa3f0,64ba78fc4a60759a910d1ad59a66aa1bae0e2e08,FINTEC: Alquiler de laptops y leasing operativo,fintec.com.pe,WEB_VALIDATED,https://www.fintec.com.pe/,https://www.fintec.com.pe/laptop-para-arquitectura/,https://www.fintec.com.pe/laptop-para-arquitectura/,200,text/html; charset=UTF-8,Laptop para arquitectura: Te damos los mejores consejos - FINTEC:,requests,NO,3746,16,data/cache/html/64ba78fc4a60759a910d1ad59a66aa1bae0e2e08/508c256e40f2f07a62aac5b4455ee18cca78b224.html,OK,,2026-09-30T19:01:09
fb636be9efdc4c9c48ae75babf1e2e55e0a80f9b,aa222b18641950ca21b08e189a884c37996aa3f0,64ba78fc4a60759a910d1ad59a66aa1bae0e2e08,FINTEC: Alquiler de laptops y leasing operativo,fintec.com.pe,WEB_VALIDATED,https://www.fintec.com.pe/,https://www.fintec.com.pe/alquilar-una-laptop-lenovo-te-contamos-sus-beneficios/,https://www.fintec.com.pe/alquilar-una-laptop-lenovo-te-contamos-sus-beneficios/,200,text/html; charset=UTF-8,¿Alquilar una laptop Lenovo? Te contamos sus beneficios - FINTEC:,requests,NO,3907,17,data/cache/html/64ba78fc4a60759a910d1ad59a66aa1bae0e2e08/fb636be9efdc4c9c48ae75babf1e2e55e0a80f9b.html,OK,,2026-09-30T19:01:09
d6ce49e753afa753e5ce679eea5ce0813e57986a,d6ce49e753afa753e5ce679eea5ce0813e57986a,763c91ff0d2c86374243582431afacd264e74485,¿Cuánto cuesta alquilar una laptop en el Perú?,elcomercio.pe,WEB_VALIDATED,https://elcomercio.pe/respuestas/cuanto-cuesta-alquilar-una-laptop-en-el-peru-de-octava-o-novena-generacion-revtli-noticia/,https://elcomercio.pe/respuestas/cuanto-cuesta-alquilar-una-laptop-en-el-peru-de-octava-o-novena-generacion-revtli-noticia/,https://elcomercio.pe/respuestas/cuanto-cuesta-alquilar-una-laptop-en-el-peru-de-octava-o-novena-generacion-revtli-noticia/,200,text/html; charset=utf-8,¿Cuánto cuesta alquilar una laptop en el Perú de octava o novena generación? Revtli | EL COMERCIO PERÚ,requests,NO,7766,301,data/cache/html/763c91ff0d2c86374243582431afacd264e74485/d6ce49e753afa753e5ce679eea5ce0813e57986a.html,OK,,2026-09-30T19:01:11
12c3592ab92bcc88b99a939c8548491c73f343c5,d6ce49e753afa753e5ce679eea5ce0813e57986a,763c91ff0d2c86374243582431afacd264e74485,¿Cuánto cuesta alquilar una laptop en el Perú?,elcomercio.pe,WEB_VALIDATED,https://elcomercio.pe/respuestas/cuanto-cuesta-alquilar-una-laptop-en-el-peru-de-octava-o-novena-generacion-revtli-noticia/,https://elcomercio.pe/ruedas-tuercas/servicios/,https://elcomercio.pe/ruedas-tuercas/servicios/,200,text/html; charset=utf-8,Noticias de Servicios | EL COMERCIO PERÚ,requests,NO,4474,290,data/cache/html/763c91ff0d2c86374243582431afacd264e74485/12c3592ab92bcc88b99a939c8548491c73f343c5.html,OK,,2026-09-30T19:01:12
e7bdd51ff684bd22cf660e63fc77e0fdb70a1cd4,d6ce49e753afa753e5ce679eea5ce0813e57986a,763c91ff0d2c86374243582431afacd264e74485,¿Cuánto cuesta alquilar una laptop en el Perú?,elcomercio.pe,WEB_VALIDATED,https://elcomercio.pe/respuestas/cuanto-cuesta-alquilar-una-laptop-en-el-peru-de-octava-o-novena-generacion-revtli-noticia/,https://elcomercio.pe/empresas-ec/,https://elcomercio.pe/empresas-ec/,200,text/html; charset=utf-8,Noticias de Empresas EC | EL COMERCIO PERÚ,requests,NO,2946,69,data/cache/html/763c91ff0d2c86374243582431afacd264e74485/e7bdd51ff684bd22cf660e63fc77e0fdb70a1cd4.html,OK,,2026-09-30T19:01:14
802ae4a52a6279400673cc8376d9c565af7be99b,d6ce49e753afa753e5ce679eea5ce0813e57986a,763c91ff0d2c86374243582431afacd264e74485,¿Cuánto cuesta alquilar una laptop en el Perú?,elcomercio.pe,WEB_VALIDATED,https://elcomercio.pe/respuestas/cuanto-cuesta-alquilar-una-laptop-en-el-peru-de-octava-o-novena-generacion-revtli-noticia/,https://elcomercio.pe/tecnologia/empresas/,https://elcomercio.pe/tecnologia/empresas/,200,text/html; charset=utf-8,Noticias de Empresas | EL COMERCIO PERÚ,requests,NO,19306,345,data/cache/html/763c91ff0d2c86374243582431afacd264e74485/802ae4a52a6279400673cc8376d9c565af7be99b.html,OK,,2026-09-30T19:01:15
538373e1496e041c20a7f24a0b282dd4e6018322,d6ce49e753afa753e5ce679eea5ce0813e57986a,763c91ff0d2c86374243582431afacd264e74485,¿Cuánto cuesta alquilar una laptop en el Perú?,elcomercio.pe,WEB_VALIDATED,https://elcomercio.pe/respuestas/cuanto-cuesta-alquilar-una-laptop-en-el-peru-de-octava-o-novena-generacion-revtli-noticia/,https://elcomercio.pe/respuestas/k-dramas-en-netflix-10-doramas-que-puedes-encontrar-en-streaming-totalmente-en-espanol-squid-game-nevertheless-navillera-love-alarm-vincenzo-boys-over-flowers-mejores-series-coreanas-de-netflix-revtli-noticia/,https://elcomercio.pe/respuestas/k-dramas-en-netflix-10-doramas-que-puedes-encontrar-en-streaming-totalmente-en-espanol-squid-game-nevertheless-navillera-love-alarm-vincenzo-boys-over-flowers-mejores-series-coreanas-de-netflix-revtli-noticia/,200,text/html; charset=utf-8,Doramas en Netflix: 10 k-dramas que puedes encontrar en Streaming totalmente en español | Squid Game | Nevertheless | Navillera | Love Alarm | Vincenzo | Boys over Flowers | Mejores series coreanas de Netflix | Revtli | EL COMERCIO PERÚ,requests,NO,17481,308,data/cache/html/763c91ff0d2c86374243582431afacd264e74485/538373e1496e041c20a7f24a0b282dd4e6018322.html,OK,,2026-09-30T19:01:17
c8f6760eb8a0d688f63a721ab4b3bcfef8d860ca,c8f6760eb8a0d688f63a721ab4b3bcfef8d860ca,763c91ff0d2c86374243582431afacd264e74485,¿Cuánto cuesta alquilar una laptop en el Perú?,elcomercio.pe,HOME,https://elcomercio.pe/,https://elcomercio.pe/,https://elcomercio.pe/,200,text/html; charset=utf-8,Noticias del Perú y el Mundo de último minuto | EL COMERCIO PERÚ,requests,NO,22899,432,data/cache/html/763c91ff0d2c86374243582431afacd264e74485/c8f6760eb8a0d688f63a721ab4b3bcfef8d860ca.html,OK,,2026-09-30T19:01:18
5839dd9c12c6fcd584efa8cdca9c27266a223f0a,c8f6760eb8a0d688f63a721ab4b3bcfef8d860ca,763c91ff0d2c86374243582431afacd264e74485,¿Cuánto cuesta alquilar una laptop en el Perú?,elcomercio.pe,HOME,https://elcomercio.pe/,https://elcomercio.pe/mundo/eeuu/trump-presenta-su-plataforma-unificada-con-superinteligencia-para-que-sirve-americagov-como-usa-la-ia-y-que-discurso-hay-detras-noticia/,https://elcomercio.pe/mundo/eeuu/trump-presenta-su-plataforma-unificada-con-superinteligencia-para-que-sirve-americagov-como-usa-la-ia-y-que-discurso-hay-detras-noticia/,200,text/html; charset=utf-8,"Trump presenta su plataforma unificada con “superinteligencia”: para qué sirve America.gov, cómo usa la IA y qué discurso hay detrás | EL COMERCIO PERÚ",requests,NO,15928,306,data/cache/html/763c91ff0d2c86374243582431afacd264e74485/5839dd9c12c6fcd584efa8cdca9c27266a223f0a.html,OK,,2026-09-30T19:01:19
2af0949bc2ffb3e9faa707f2a652c6de5adb357e,c8f6760eb8a0d688f63a721ab4b3bcfef8d860ca,763c91ff0d2c86374243582431afacd264e74485,¿Cuánto cuesta alquilar una laptop en el Perú?,elcomercio.pe,HOME,https://elcomercio.pe/,https://elcomercio.pe/economia/mundo/de-una-pequena-agencia-en-crisis-a-un-imperio-global-del-entretenimiento-esta-es-la-historia-de-hybe-empresa-detras-del-fenomeno-bts-conciertos-en-lima-noticia/,https://elcomercio.pe/economia/mundo/de-una-pequena-agencia-en-crisis-a-un-imperio-global-del-entretenimiento-esta-es-la-historia-de-hybe-empresa-detras-del-fenomeno-bts-conciertos-en-lima-noticia/,200,text/html; charset=utf-8,"De una pequeña agencia en crisis a un imperio global del entretenimiento: esta es la historia de HYBE, empresa detrás del fenómeno BTS | conciertos en Lima | EL COMERCIO PERÚ",requests,NO,15926,299,data/cache/html/763c91ff0d2c86374243582431afacd264e74485/2af0949bc2ffb3e9faa707f2a652c6de5adb357e.html,OK,,2026-09-30T19:01:20
1b9f6ee616e4d8f4fbe0e63dce498e4b8b3fab6c,c8f6760eb8a0d688f63a721ab4b3bcfef8d860ca,763c91ff0d2c86374243582431afacd264e74485,¿Cuánto cuesta alquilar una laptop en el Perú?,elcomercio.pe,HOME,https://elcomercio.pe/,https://elcomercio.pe/economia/dia-1/micromovilidad-al-alza-ventas-de-bicicletas-y-scooters-registran-un-crecimiento-de-doble-digito-noticia/,https://elcomercio.pe/economia/dia-1/micromovilidad-al-alza-ventas-de-bicicletas-y-scooters-registran-un-crecimiento-de-doble-digito-noticia/,200,text/html; charset=utf-8,Scooters y bicicletas eléctricas toman impulso en sus ventas: ¿qué está detrás del salto en sus importaciones? | scooters eléctricos | movilidad | EL COMERCIO PERÚ,requests,NO,12254,300,data/cache/html/763c91ff0d2c86374243582431afacd264e74485/1b9f6ee616e4d8f4fbe0e63dce498e4b8b3fab6c.html,OK,,2026-09-30T19:01:22
8f4d7fb7bc5ac8020745e5ef9b0463942b405fcf,c8f6760eb8a0d688f63a721ab4b3bcfef8d860ca,763c91ff0d2c86374243582431afacd264e74485,¿Cuánto cuesta alquilar una laptop en el Perú?,elcomercio.pe,HOME,https://elcomercio.pe/,https://elcomercio.pe/economia/sueldo-minimo-gremios-empresariales-cuestionan-aumento-con-poco-tiempo-de-anticipacion-noticia/,https://elcomercio.pe/economia/sueldo-minimo-gremios-empresariales-cuestionan-aumento-con-poco-tiempo-de-anticipacion-noticia/,200,text/html; charset=utf-8,Sueldo mínimo: Gremios empresariales cuestionan aumento con poco tiempo de anticipación | apuesplan  | EL COMERCIO PERÚ,requests,NO,11893,299,data/cache/html/763c91ff0d2c86374243582431afacd264e74485/8f4d7fb7bc5ac8020745e5ef9b0463942b405fcf.html,OK,,2026-09-30T19:01:24
e5fb2532a60d83a1140f7f053add1410955f2b5b,e5fb2532a60d83a1140f7f053add1410955f2b5b,7c12447b01403a38669e9faea37b0930b022b9c9,Hard Rental: Alquiler de Laptops Corporativo en Lima,hardrental.com,WEB_VALIDATED,https://hardrental.com/,https://hardrental.com/,https://hardrental.com/,200,text/html; charset=UTF-8,Alquiler de Laptops Corporativo en Lima | Hard Rental,requests,NO,15594,47,data/cache/html/7c12447b01403a38669e9faea37b0930b022b9c9/e5fb2532a60d83a1140f7f053add1410955f2b5b.html,OK,,2026-09-30T19:01:25
9c5bc0a58450ea8b924a8f9427723281da6c2968,e5fb2532a60d83a1140f7f053add1410955f2b5b,7c12447b01403a38669e9faea37b0930b022b9c9,Hard Rental: Alquiler de Laptops Corporativo en Lima,hardrental.com,WEB_VALIDATED,https://hardrental.com/,https://hardrental.com/servicio/alquiler-de-laptops,https://hardrental.com/servicio/alquiler-de-laptops,200,text/html; charset=UTF-8,Alquiler de laptops y portátiles para empresas,requests,NO,17450,16,data/cache/html/7c12447b01403a38669e9faea37b0930b022b9c9/9c5bc0a58450ea8b924a8f9427723281da6c2968.html,OK,,2026-09-30T19:01:26
ffb646a32046ae84d50f92f8a7cdeeba9675541c,e5fb2532a60d83a1140f7f053add1410955f2b5b,7c12447b01403a38669e9faea37b0930b022b9c9,Hard Rental: Alquiler de Laptops Corporativo en Lima,hardrental.com,WEB_VALIDATED,https://hardrental.com/,https://hardrental.com/servicio/alquiler-de-computadoras-de-escritorio,https://hardrental.com/servicio/alquiler-de-computadoras-de-escritorio,200,text/html; charset=UTF-8,Alquiler de Computadoras de Escritorio en Lima,requests,NO,8245,13,data/cache/html/7c12447b01403a38669e9faea37b0930b022b9c9/ffb646a32046ae84d50f92f8a7cdeeba9675541c.html,OK,,2026-09-30T19:01:26
73116fa605df35b4d9e9cac15c9d0ab7b805ee6c,e5fb2532a60d83a1140f7f053add1410955f2b5b,7c12447b01403a38669e9faea37b0930b022b9c9,Hard Rental: Alquiler de Laptops Corporativo en Lima,hardrental.com,WEB_VALIDATED,https://hardrental.com/,https://hardrental.com/servicio/leasing-de-laptops,https://hardrental.com/servicio/leasing-de-laptops,200,text/html; charset=UTF-8,Leasing De Laptops,requests,NO,7896,13,data/cache/html/7c12447b01403a38669e9faea37b0930b022b9c9/73116fa605df35b4d9e9cac15c9d0ab7b805ee6c.html,OK,,2026-09-30T19:01:27
a9617af86d2a24f23bccefdf636128df0d2583e2,e5fb2532a60d83a1140f7f053add1410955f2b5b,7c12447b01403a38669e9faea37b0930b022b9c9,Hard Rental: Alquiler de Laptops Corporativo en Lima,hardrental.com,WEB_VALIDATED,https://hardrental.com/,https://hardrental.com/servicios,https://hardrental.com/servicios,200,text/html; charset=UTF-8,Renting Informático - Servicio de Renting Informático,requests,NO,10676,18,data/cache/html/7c12447b01403a38669e9faea37b0930b022b9c9/a9617af86d2a24f23bccefdf636128df0d2583e2.html,OK,,2026-09-30T19:01:27
a529e2b545d85410ce703daf03affeb76bd1d29b,a529e2b545d85410ce703daf03affeb76bd1d29b,7db98d1db0562a25f7adb469b798938c5515699a,Renting tecnológico para empresas,itdatum.com,WEB_VALIDATED,https://itdatum.com/servicios-tecnologicos-para-empresas/renting-tecnologico/,https://itdatum.com/servicios-tecnologicos-para-empresas/renting-tecnologico/,https://itdatum.com/servicios-tecnologicos-para-empresas/renting-tecnologico/,200,text/html; charset=UTF-8,Renting tecnológico para empresas - IT Datum,requests,NO,8415,44,data/cache/html/7db98d1db0562a25f7adb469b798938c5515699a/a529e2b545d85410ce703daf03affeb76bd1d29b.html,OK,,2026-09-30T19:01:28
4eee971ffaa7adde49c0a56431acc2d4fd030951,a529e2b545d85410ce703daf03affeb76bd1d29b,7db98d1db0562a25f7adb469b798938c5515699a,Renting tecnológico para empresas,itdatum.com,WEB_VALIDATED,https://itdatum.com/servicios-tecnologicos-para-empresas/renting-tecnologico/,https://itdatum.com/servicios-tecnologicos-para-empresas/seguridad-de-la-informacion/analisis-gap-implementacion-auditoria-iso-27001/,https://itdatum.com/servicios-tecnologicos-para-empresas/seguridad-de-la-informacion/analisis-gap-implementacion-auditoria-iso-27001/,200,text/html; charset=UTF-8,Análisis GAP / Implementacion / Auditoria ISO 27001 - IT Datum,requests,NO,9212,44,data/cache/html/7db98d1db0562a25f7adb469b798938c5515699a/4eee971ffaa7adde49c0a56431acc2d4fd030951.html,OK,,2026-09-30T19:01:30
526a06a257991313ae9b590d729a3cb7da4f865c,a529e2b545d85410ce703daf03affeb76bd1d29b,7db98d1db0562a25f7adb469b798938c5515699a,Renting tecnológico para empresas,itdatum.com,WEB_VALIDATED,https://itdatum.com/servicios-tecnologicos-para-empresas/renting-tecnologico/,https://itdatum.com/servicios-tecnologicos-para-empresas/seguridad-de-la-informacion/ciberseguridad-iso-27032/,https://itdatum.com/servicios-tecnologicos-para-empresas/seguridad-de-la-informacion/ciberseguridad-iso-27032/,200,text/html; charset=UTF-8,Ciberseguridad ISO 27032 - IT Datum,requests,NO,11027,44,data/cache/html/7db98d1db0562a25f7adb469b798938c5515699a/526a06a257991313ae9b590d729a3cb7da4f865c.html,OK,,2026-09-30T19:01:31
42e2cb6e09edec6d03213a8ac362994ebf663839,a529e2b545d85410ce703daf03affeb76bd1d29b,7db98d1db0562a25f7adb469b798938c5515699a,Renting tecnológico para empresas,itdatum.com,WEB_VALIDATED,https://itdatum.com/servicios-tecnologicos-para-empresas/renting-tecnologico/,https://itdatum.com/servicios-tecnologicos-para-empresas/seguridad-de-la-informacion/ethical-hacking/,https://itdatum.com/servicios-tecnologicos-para-empresas/seguridad-de-la-informacion/ethical-hacking/,200,text/html; charset=UTF-8,Ethical Hacking - IT Datum,requests,NO,8472,44,data/cache/html/7db98d1db0562a25f7adb469b798938c5515699a/42e2cb6e09edec6d03213a8ac362994ebf663839.html,OK,,2026-09-30T19:01:32
0e831400c0683883b572a49ef201bbaba6b9d155,a529e2b545d85410ce703daf03affeb76bd1d29b,7db98d1db0562a25f7adb469b798938c5515699a,Renting tecnológico para empresas,itdatum.com,WEB_VALIDATED,https://itdatum.com/servicios-tecnologicos-para-empresas/renting-tecnologico/,https://itdatum.com/servicios-tecnologicos-para-empresas/seguridad-de-la-informacion/soc-as-a-service/,https://itdatum.com/servicios-tecnologicos-para-empresas/seguridad-de-la-informacion/soc-as-a-service/,200,text/html; charset=UTF-8,SOC as a Service - IT Datum,requests,NO,8137,44,data/cache/html/7db98d1db0562a25f7adb469b798938c5515699a/0e831400c0683883b572a49ef201bbaba6b9d155.html,OK,,2026-09-30T19:01:33
589612be08a01e95563ebf93f10065f0e03e2caa,589612be08a01e95563ebf93f10065f0e03e2caa,7db98d1db0562a25f7adb469b798938c5515699a,Renting tecnológico para empresas,itdatum.com,HOME,https://itdatum.com/,https://itdatum.com/,https://itdatum.com/,200,text/html; charset=UTF-8,IT Datum SAC - Tu aliado estratégico en transformación digital,requests,NO,7554,50,data/cache/html/7db98d1db0562a25f7adb469b798938c5515699a/589612be08a01e95563ebf93f10065f0e03e2caa.html,OK,,2026-09-30T19:01:34
6c0cd10fbf10ea0a8bed4b74445197f6ce5f54b7,589612be08a01e95563ebf93f10065f0e03e2caa,7db98d1db0562a25f7adb469b798938c5515699a,Renting tecnológico para empresas,itdatum.com,HOME,https://itdatum.com/,https://itdatum.com/servicios-tecnologicos-para-empresas/seguridad-de-la-informacion/ciso-as-a-service/,https://itdatum.com/servicios-tecnologicos-para-empresas/seguridad-de-la-informacion/ciso-as-a-service/,200,text/html; charset=UTF-8,CISO as a Service - IT Datum,requests,NO,8930,44,data/cache/html/7db98d1db0562a25f7adb469b798938c5515699a/6c0cd10fbf10ea0a8bed4b74445197f6ce5f54b7.html,OK,,2026-09-30T19:01:35
e116d541001a08454c586dc3c5542a56222c336b,589612be08a01e95563ebf93f10065f0e03e2caa,7db98d1db0562a25f7adb469b798938c5515699a,Renting tecnológico para empresas,itdatum.com,HOME,https://itdatum.com/,https://itdatum.com/servicios-tecnologicos-para-empresas/seguridad-de-la-informacion/identity-as-a-service/,https://itdatum.com/servicios-tecnologicos-para-empresas/seguridad-de-la-informacion/identity-as-a-service/,200,text/html; charset=UTF-8,Identity as a Service - IT Datum,requests,NO,8718,44,data/cache/html/7db98d1db0562a25f7adb469b798938c5515699a/e116d541001a08454c586dc3c5542a56222c336b.html,OK,,2026-09-30T19:01:36
b33f584a143c9d9177e14dffb30313ae557d71b7,589612be08a01e95563ebf93f10065f0e03e2caa,7db98d1db0562a25f7adb469b798938c5515699a,Renting tecnológico para empresas,itdatum.com,HOME,https://itdatum.com/,https://itdatum.com/servicios-tecnologicos-para-empresas/seguridad-de-la-informacion/mesa-de-servicios/,https://itdatum.com/servicios-tecnologicos-para-empresas/seguridad-de-la-informacion/mesa-de-servicios/,200,text/html; charset=UTF-8,Mesa de Servicios para empresas - IT Datum,requests,NO,10169,44,data/cache/html/7db98d1db0562a25f7adb469b798938c5515699a/b33f584a143c9d9177e14dffb30313ae557d71b7.html,OK,,2026-09-30T19:01:37
106491e470b89d28835d2849ff0a332d5ffd4420,589612be08a01e95563ebf93f10065f0e03e2caa,7db98d1db0562a25f7adb469b798938c5515699a,Renting tecnológico para empresas,itdatum.com,HOME,https://itdatum.com/,https://itdatum.com/servicios-tecnologicos-para-empresas/analitica-de-datos/analitica-predictiva-y-modelos-de-pronostico/,https://itdatum.com/servicios-tecnologicos-para-empresas/analitica-de-datos/analitica-predictiva-y-modelos-de-pronostico/,200,text/html; charset=UTF-8,Analítica Predictiva y Modelos de Pronóstico - IT Datum,requests,NO,8283,44,data/cache/html/7db98d1db0562a25f7adb469b798938c5515699a/106491e470b89d28835d2849ff0a332d5ffd4420.html,OK,,2026-09-30T19:01:38
29e2d3e5d62199d4456caea081fe6147316d8b74,29e2d3e5d62199d4456caea081fe6147316d8b74,89740844ddb14ab95034e6d3a1ad108d49620975,Renting,provisionestecnologicas.pe,WEB_VALIDATED,https://www.provisionestecnologicas.pe/renting-renovacion-tecnologica,https://www.provisionestecnologicas.pe/renting-renovacion-tecnologica,https://www.provisionestecnologicas.pe/renting-renovacion-tecnologica,200,text/html; charset=UTF-8,Renting | Provisiones Tecnologicas | Perú,requests,NO,3824,56,data/cache/html/89740844ddb14ab95034e6d3a1ad108d49620975/29e2d3e5d62199d4456caea081fe6147316d8b74.html,OK,,2026-09-30T19:01:38
8a392cc9b0b8f0b8214e4c2f11fdd62820e6b446,29e2d3e5d62199d4456caea081fe6147316d8b74,89740844ddb14ab95034e6d3a1ad108d49620975,Renting,provisionestecnologicas.pe,WEB_VALIDATED,https://www.provisionestecnologicas.pe/renting-renovacion-tecnologica,https://www.provisionestecnologicas.pe/servicios-de-video-colaboracion,https://www.provisionestecnologicas.pe/servicios-de-video-colaboracion,200,text/html; charset=UTF-8,Servicios Videoconferencia | Provisiones Tecnológicas | Perú,requests,NO,7083,56,data/cache/html/89740844ddb14ab95034e6d3a1ad108d49620975/8a392cc9b0b8f0b8214e4c2f11fdd62820e6b446.html,OK,,2026-09-30T19:01:39
ef8cf26e637545c07f453b3f952032c299b255e0,29e2d3e5d62199d4456caea081fe6147316d8b74,89740844ddb14ab95034e6d3a1ad108d49620975,Renting,provisionestecnologicas.pe,WEB_VALIDATED,https://www.provisionestecnologicas.pe/renting-renovacion-tecnologica,https://www.provisionestecnologicas.pe/servicios-videocolaboracion,https://www.provisionestecnologicas.pe/servicios-videocolaboracion,200,text/html; charset=UTF-8,Servicios Videoconferencia | Provisiones Tecnológicas | Perú,requests,NO,7808,56,data/cache/html/89740844ddb14ab95034e6d3a1ad108d49620975/ef8cf26e637545c07f453b3f952032c299b255e0.html,OK,,2026-09-30T19:01:44
0f3292c7f707d00079270559c2dbede751d4fb73,29e2d3e5d62199d4456caea081fe6147316d8b74,89740844ddb14ab95034e6d3a1ad108d49620975,Renting,provisionestecnologicas.pe,WEB_VALIDATED,https://www.provisionestecnologicas.pe/renting-renovacion-tecnologica,https://www.provisionestecnologicas.pe/alquiler-de-videoconferencia,https://www.provisionestecnologicas.pe/alquiler-de-videoconferencia,200,text/html; charset=UTF-8,Alquiler de equipos | Provisiones Tecnologicas,requests,NO,1654,56,data/cache/html/89740844ddb14ab95034e6d3a1ad108d49620975/0f3292c7f707d00079270559c2dbede751d4fb73.html,OK,,2026-09-30T19:01:47
c22a589b93678e0092a59a8e91fe89409567dbdb,29e2d3e5d62199d4456caea081fe6147316d8b74,89740844ddb14ab95034e6d3a1ad108d49620975,Renting,provisionestecnologicas.pe,WEB_VALIDATED,https://www.provisionestecnologicas.pe/renting-renovacion-tecnologica,https://www.provisionestecnologicas.pe/servicios,https://www.provisionestecnologicas.pe/servicios,200,text/html; charset=UTF-8,Servicios | Provisiones Tecnológicas | Perú,requests,NO,7594,56,data/cache/html/89740844ddb14ab95034e6d3a1ad108d49620975/c22a589b93678e0092a59a8e91fe89409567dbdb.html,OK,,2026-09-30T19:01:52
0c4678c6eefec6fede580a4e3b93598b38c70c5c,0c4678c6eefec6fede580a4e3b93598b38c70c5c,89740844ddb14ab95034e6d3a1ad108d49620975,Renting,provisionestecnologicas.pe,HOME,https://www.provisionestecnologicas.pe/,https://www.provisionestecnologicas.pe/,https://www.provisionestecnologicas.pe/,200,text/html; charset=UTF-8,Provisiones Tecnológicas | Customer Experience | SaaS | Video Colaboración | Contact Center | Lima,requests,NO,4845,57,data/cache/html/89740844ddb14ab95034e6d3a1ad108d49620975/0c4678c6eefec6fede580a4e3b93598b38c70c5c.html,OK,,2026-09-30T19:01:52
07281e07e42b75a5e6b858f145ed0804423a50f4,0c4678c6eefec6fede580a4e3b93598b38c70c5c,89740844ddb14ab95034e6d3a1ad108d49620975,Renting,provisionestecnologicas.pe,HOME,https://www.provisionestecnologicas.pe/,https://www.provisionestecnologicas.pe/microsoft-365-para-empresas,https://www.provisionestecnologicas.pe/microsoft-365-para-empresas,200,text/html; charset=UTF-8,Copilot | Empresas | Provisiones Tecnologicas,requests,NO,3265,56,data/cache/html/89740844ddb14ab95034e6d3a1ad108d49620975/07281e07e42b75a5e6b858f145ed0804423a50f4.html,OK,,2026-09-30T19:01:56
6d909d24fa7f6d8ad374518a50e0c939233200cb,0c4678c6eefec6fede580a4e3b93598b38c70c5c,89740844ddb14ab95034e6d3a1ad108d49620975,Renting,provisionestecnologicas.pe,HOME,https://www.provisionestecnologicas.pe/,https://www.provisionestecnologicas.pe/windows11-empresas,https://www.provisionestecnologicas.pe/windows11-empresas,200,text/html; charset=UTF-8,Windows11 | Empresas | Provisiones Tecnologicas,requests,NO,2661,56,data/cache/html/89740844ddb14ab95034e6d3a1ad108d49620975/6d909d24fa7f6d8ad374518a50e0c939233200cb.html,OK,,2026-09-30T19:01:59
6ae950e2c4a3cc6c8690b030155f4832ee155f8c,0c4678c6eefec6fede580a4e3b93598b38c70c5c,89740844ddb14ab95034e6d3a1ad108d49620975,Renting,provisionestecnologicas.pe,HOME,https://www.provisionestecnologicas.pe/,https://www.provisionestecnologicas.pe/microsoft-azure-empresas,https://www.provisionestecnologicas.pe/microsoft-azure-empresas,200,text/html; charset=UTF-8,MicrosoftAzure | Empresas | Provisiones Tecnologicas,requests,NO,1307,56,data/cache/html/89740844ddb14ab95034e6d3a1ad108d49620975/6ae950e2c4a3cc6c8690b030155f4832ee155f8c.html,OK,,2026-09-30T19:02:02
44596ab69fde9323c4b9654037f489e43129518d,0c4678c6eefec6fede580a4e3b93598b38c70c5c,89740844ddb14ab95034e6d3a1ad108d49620975,Renting,provisionestecnologicas.pe,HOME,https://www.provisionestecnologicas.pe/,https://www.provisionestecnologicas.pe/consultoria-microsoft,https://www.provisionestecnologicas.pe/consultoria-microsoft,200,text/html; charset=UTF-8,Consultorias | Empresas | Provisiones Tecnologicas,requests,NO,2568,56,data/cache/html/89740844ddb14ab95034e6d3a1ad108d49620975/44596ab69fde9323c4b9654037f489e43129518d.html,OK,,2026-09-30T19:02:07
879610f8fa9cd9c20774cedd62f969c2695b0005,879610f8fa9cd9c20774cedd62f969c2695b0005,b54162069ce828544b8e711abb789d7bd82811b1,Leasein: Alquiler de laptops para empresas y proyectos en Perú,leasein.pe,WEB_VALIDATED,https://leasein.pe/,https://leasein.pe/,https://leasein.pe/,200,text/html; charset=UTF-8,Leasein: Alquiler de laptops para empresas y proyectos en Perú,requests,NO,6739,24,data/cache/html/b54162069ce828544b8e711abb789d7bd82811b1/879610f8fa9cd9c20774cedd62f969c2695b0005.html,OK,,2026-09-30T19:02:08
a254b6052d55f8f864245b6173833d1a936bfc5b,879610f8fa9cd9c20774cedd62f969c2695b0005,b54162069ce828544b8e711abb789d7bd82811b1,Leasein: Alquiler de laptops para empresas y proyectos en Perú,leasein.pe,WEB_VALIDATED,https://leasein.pe/,https://leasein.pe/contacto/whatsapp.php,https://api.whatsapp.com/send?phone=51987146591&text=Hola+Fabiola%2C+quisiera+saber+m%C3%A1s+acerca+del+alquiler+de+laptops+y+computadoras+para+empresas.,200,"text/html; charset=""utf-8""",Share on WhatsApp,requests,NO,1375,0,data/cache/html/b54162069ce828544b8e711abb789d7bd82811b1/a254b6052d55f8f864245b6173833d1a936bfc5b.html,OK,,2026-09-30T19:02:09
c14deee87335f92058023031bee5b367134788b1,879610f8fa9cd9c20774cedd62f969c2695b0005,b54162069ce828544b8e711abb789d7bd82811b1,Leasein: Alquiler de laptops para empresas y proyectos en Perú,leasein.pe,WEB_VALIDATED,https://leasein.pe/,https://leasein.pe/nosotros/,https://leasein.pe/nosotros/,200,text/html; charset=UTF-8,Somos Leasein,requests,NO,1872,24,data/cache/html/b54162069ce828544b8e711abb789d7bd82811b1/c14deee87335f92058023031bee5b367134788b1.html,OK,,2026-09-30T19:02:10
2a2d5d8dc87ff4b32d20fb21752bfd5007872305,879610f8fa9cd9c20774cedd62f969c2695b0005,b54162069ce828544b8e711abb789d7bd82811b1,Leasein: Alquiler de laptops para empresas y proyectos en Perú,leasein.pe,WEB_VALIDATED,https://leasein.pe/,https://leasein.pe/alquiler-de-laptops/,https://leasein.pe/alquiler-de-laptops/,200,text/html; charset=UTF-8,Alquiler de laptops para empresas,requests,NO,2863,24,data/cache/html/b54162069ce828544b8e711abb789d7bd82811b1/2a2d5d8dc87ff4b32d20fb21752bfd5007872305.html,OK,,2026-09-30T19:02:11
d016805aea55f0914209f21146d857674e90d0c1,879610f8fa9cd9c20774cedd62f969c2695b0005,b54162069ce828544b8e711abb789d7bd82811b1,Leasein: Alquiler de laptops para empresas y proyectos en Perú,leasein.pe,WEB_VALIDATED,https://leasein.pe/,https://leasein.pe/renting-informatico/,https://leasein.pe/renting-informatico/,200,text/html; charset=UTF-8,Renting Informático - Leasein | Alquiler de laptops con rapidez,requests,NO,3941,24,data/cache/html/b54162069ce828544b8e711abb789d7bd82811b1/d016805aea55f0914209f21146d857674e90d0c1.html,OK,,2026-09-30T19:02:11
970503ed03d92beca5b63e6cd53391602472da56,970503ed03d92beca5b63e6cd53391602472da56,b54162069ce828544b8e711abb789d7bd82811b1,Leasein: Alquiler de laptops para empresas y proyectos en Perú,leasein.pe,SEARCH_RESULT,https://leasein.pe/blog/ventajas-renting-informatico/,https://leasein.pe/blog/ventajas-renting-informatico/,https://leasein.pe/blog/ventajas-renting-informatico/,200,text/html; charset=UTF-8,"Renting informático: ¿qué es, ventajas y cuando conviene?",requests,NO,6283,26,data/cache/html/b54162069ce828544b8e711abb789d7bd82811b1/970503ed03d92beca5b63e6cd53391602472da56.html,OK,,2026-09-30T19:02:12
d04d0d8ade2d5f2cb2184c0115bd2a74d5acf21c,970503ed03d92beca5b63e6cd53391602472da56,b54162069ce828544b8e711abb789d7bd82811b1,Leasein: Alquiler de laptops para empresas y proyectos en Perú,leasein.pe,SEARCH_RESULT,https://leasein.pe/blog/ventajas-renting-informatico/,https://leasein.pe/leasing-operativo/,https://leasein.pe/leasing-operativo/,200,text/html; charset=UTF-8,Leasing Operativo de Laptops para Empresas en Perú,requests,NO,2019,24,data/cache/html/b54162069ce828544b8e711abb789d7bd82811b1/d04d0d8ade2d5f2cb2184c0115bd2a74d5acf21c.html,OK,,2026-09-30T19:02:13
a8781c9750e0d81b3eafa3e5eb389020ba18fb44,970503ed03d92beca5b63e6cd53391602472da56,b54162069ce828544b8e711abb789d7bd82811b1,Leasein: Alquiler de laptops para empresas y proyectos en Perú,leasein.pe,SEARCH_RESULT,https://leasein.pe/blog/ventajas-renting-informatico/,https://leasein.pe/blog/mejores-laptops-para-ingenieria/,https://leasein.pe/blog/mejores-laptops-para-ingenieria/,200,text/html; charset=UTF-8,Las Mejores Laptops para Ingenieros en 2026: Guía Completa para Empresas,requests,NO,15416,26,data/cache/html/b54162069ce828544b8e711abb789d7bd82811b1/a8781c9750e0d81b3eafa3e5eb389020ba18fb44.html,OK,,2026-09-30T19:02:14
a339ca6b0d872acaf05a29c7ef91478e7fa471c1,970503ed03d92beca5b63e6cd53391602472da56,b54162069ce828544b8e711abb789d7bd82811b1,Leasein: Alquiler de laptops para empresas y proyectos en Perú,leasein.pe,SEARCH_RESULT,https://leasein.pe/blog/ventajas-renting-informatico/,https://leasein.pe/alquiler-de-laptops,https://leasein.pe/alquiler-de-laptops/,200,text/html; charset=UTF-8,Alquiler de laptops para empresas,requests,NO,2863,24,data/cache/html/b54162069ce828544b8e711abb789d7bd82811b1/a339ca6b0d872acaf05a29c7ef91478e7fa471c1.html,OK,,2026-09-30T19:02:16
d6a68f5d752c2733e87a1ad64a064e43019a0ae2,970503ed03d92beca5b63e6cd53391602472da56,b54162069ce828544b8e711abb789d7bd82811b1,Leasein: Alquiler de laptops para empresas y proyectos en Perú,leasein.pe,SEARCH_RESULT,https://leasein.pe/blog/ventajas-renting-informatico/,https://leasein.pe/renting-informatico,https://leasein.pe/renting-informatico/,200,text/html; charset=UTF-8,Renting Informático - Leasein | Alquiler de laptops con rapidez,requests,NO,3941,24,data/cache/html/b54162069ce828544b8e711abb789d7bd82811b1/d6a68f5d752c2733e87a1ad64a064e43019a0ae2.html,OK,,2026-09-30T19:02:17
1ed8e5ae03ec4cd608b9d722c70c297495ce358b,1ed8e5ae03ec4cd608b9d722c70c297495ce358b,b54162069ce828544b8e711abb789d7bd82811b1,Leasein: Alquiler de laptops para empresas y proyectos en Perú,leasein.pe,SEARCH_RESULT,https://leasein.pe/blog/que-es-leasing-operativo-laptops-peru/,https://leasein.pe/blog/que-es-leasing-operativo-laptops-peru/,https://leasein.pe/blog/que-es-leasing-operativo-laptops-peru/,200,text/html; charset=UTF-8,¿Qué es el leasing operativo de laptops y por qué es tendencia en Perú?,requests,NO,4465,26,data/cache/html/b54162069ce828544b8e711abb789d7bd82811b1/1ed8e5ae03ec4cd608b9d722c70c297495ce358b.html,OK,,2026-09-30T19:02:18
d4ecb7a6c6e78f3ae7110afcbe5c152174a64bec,1ed8e5ae03ec4cd608b9d722c70c297495ce358b,b54162069ce828544b8e711abb789d7bd82811b1,Leasein: Alquiler de laptops para empresas y proyectos en Perú,leasein.pe,SEARCH_RESULT,https://leasein.pe/blog/que-es-leasing-operativo-laptops-peru/,https://leasein.pe/blog/leasing-vs-alquiler-laptops/,https://leasein.pe/blog/leasing-vs-alquiler-laptops/,200,text/html; charset=UTF-8,¿Cómo saber si necesito un Leasing Operativo o un Alquiler de Laptops para mi empresa?,requests,NO,6152,26,data/cache/html/b54162069ce828544b8e711abb789d7bd82811b1/d4ecb7a6c6e78f3ae7110afcbe5c152174a64bec.html,OK,,2026-09-30T19:02:18
3200c19149974d1649b4f19a9a7c72c49dfae7e8,1ed8e5ae03ec4cd608b9d722c70c297495ce358b,b54162069ce828544b8e711abb789d7bd82811b1,Leasein: Alquiler de laptops para empresas y proyectos en Perú,leasein.pe,SEARCH_RESULT,https://leasein.pe/blog/que-es-leasing-operativo-laptops-peru/,https://leasein.pe/blog/leasing-operativo-migracion-laptops/,https://leasein.pe/blog/leasing-operativo-migracion-laptops/,200,text/html; charset=UTF-8,Leasing Operativo: por qué en 2025 más empresas migran su parque de laptops,requests,NO,5589,26,data/cache/html/b54162069ce828544b8e711abb789d7bd82811b1/3200c19149974d1649b4f19a9a7c72c49dfae7e8.html,OK,,2026-09-30T19:02:19
31449e6b7eb65ec489b673ec8b2327d9d535214b,1ed8e5ae03ec4cd608b9d722c70c297495ce358b,b54162069ce828544b8e711abb789d7bd82811b1,Leasein: Alquiler de laptops para empresas y proyectos en Perú,leasein.pe,SEARCH_RESULT,https://leasein.pe/blog/que-es-leasing-operativo-laptops-peru/,https://leasein.pe/blog/razones-alquilar-laptops-peru/,https://leasein.pe/blog/razones-alquilar-laptops-peru/,200,text/html; charset=UTF-8,"¿Por qué las empresas alquilan laptops? Razones, casos y cómo decidir (Perú)",requests,NO,10091,26,data/cache/html/b54162069ce828544b8e711abb789d7bd82811b1/31449e6b7eb65ec489b673ec8b2327d9d535214b.html,OK,,2026-09-30T19:02:20
cbf130e5df27219bfd0f23893ecb1698be7550d4,1ed8e5ae03ec4cd608b9d722c70c297495ce358b,b54162069ce828544b8e711abb789d7bd82811b1,Leasein: Alquiler de laptops para empresas y proyectos en Perú,leasein.pe,SEARCH_RESULT,https://leasein.pe/blog/que-es-leasing-operativo-laptops-peru/,https://leasein.pe/alquiler-laptops-arequipa/,https://leasein.pe/alquiler-laptops-arequipa/,200,text/html; charset=UTF-8,Alquiler de laptops para empresas y proyectos en Arequipa - Leasein | Alquiler de laptops con rapidez,requests,NO,7577,24,data/cache/html/b54162069ce828544b8e711abb789d7bd82811b1/cbf130e5df27219bfd0f23893ecb1698be7550d4.html,OK,,2026-09-30T19:02:21
c39bc63cc0eead8dd02ee0f6fd648117038d57b8,c39bc63cc0eead8dd02ee0f6fd648117038d57b8,b54162069ce828544b8e711abb789d7bd82811b1,Leasein: Alquiler de laptops para empresas y proyectos en Perú,leasein.pe,SEARCH_RESULT,https://leasein.pe/blog/leasing-financiero-beneficios-empresas/,https://leasein.pe/blog/leasing-financiero-beneficios-empresas/,https://leasein.pe/blog/leasing-financiero-beneficios-empresas/,200,text/html; charset=UTF-8,¿Qué es el leasing financiero y qué beneficios tiene?,requests,NO,8695,28,data/cache/html/b54162069ce828544b8e711abb789d7bd82811b1/c39bc63cc0eead8dd02ee0f6fd648117038d57b8.html,OK,,2026-09-30T19:02:22
f129c86539fb323657ea025e4faeba6378dcfbaf,c39bc63cc0eead8dd02ee0f6fd648117038d57b8,b54162069ce828544b8e711abb789d7bd82811b1,Leasein: Alquiler de laptops para empresas y proyectos en Perú,leasein.pe,SEARCH_RESULT,https://leasein.pe/blog/leasing-financiero-beneficios-empresas/,https://leasein.pe/blog/razones-para-alquilar-laptops-empresas/,https://leasein.pe/blog/razones-para-alquilar-laptops-empresas/,200,text/html; charset=UTF-8,¿Por qué las empresas alquilan laptops?,requests,NO,5170,29,data/cache/html/b54162069ce828544b8e711abb789d7bd82811b1/f129c86539fb323657ea025e4faeba6378dcfbaf.html,OK,,2026-09-30T19:02:23
7b904df5cc95435f94e619fac2da22bba0071e7a,c39bc63cc0eead8dd02ee0f6fd648117038d57b8,b54162069ce828544b8e711abb789d7bd82811b1,Leasein: Alquiler de laptops para empresas y proyectos en Perú,leasein.pe,SEARCH_RESULT,https://leasein.pe/blog/leasing-financiero-beneficios-empresas/,https://leasein.pe/blog/nuevo-leasing-financiero-capital/,https://leasein.pe/blog/nuevo-leasing-financiero-capital/,200,text/html; charset=UTF-8,Nuevo Leasing financiero: Falta de capital ya no será excusa para no invertir,requests,NO,2972,25,data/cache/html/b54162069ce828544b8e711abb789d7bd82811b1/7b904df5cc95435f94e619fac2da22bba0071e7a.html,OK,,2026-09-30T19:02:24
66d9c35259430a54167e0064fd706d2fe970ea9c,c39bc63cc0eead8dd02ee0f6fd648117038d57b8,b54162069ce828544b8e711abb789d7bd82811b1,Leasein: Alquiler de laptops para empresas y proyectos en Perú,leasein.pe,SEARCH_RESULT,https://leasein.pe/blog/leasing-financiero-beneficios-empresas/,https://leasein.pe/blog/leasing-financiero-peru-2020/,https://leasein.pe/blog/leasing-financiero-peru-2020/,200,text/html; charset=UTF-8,Expansión del leasing financiero en Perú este 2020,requests,NO,6428,24,data/cache/html/b54162069ce828544b8e711abb789d7bd82811b1/66d9c35259430a54167e0064fd706d2fe970ea9c.html,OK,,2026-09-30T19:02:24
70c8533c1202ed12432e876fae852abf5f53ed3f,c39bc63cc0eead8dd02ee0f6fd648117038d57b8,b54162069ce828544b8e711abb789d7bd82811b1,Leasein: Alquiler de laptops para empresas y proyectos en Perú,leasein.pe,SEARCH_RESULT,https://leasein.pe/blog/leasing-financiero-beneficios-empresas/,https://leasein.pe/alquiler-laptops-ica/,https://leasein.pe/alquiler-laptops-ica/,200,text/html; charset=UTF-8,Alquiler de laptops para empresas y proyectos en Ica - Leasein | Alquiler de laptops con rapidez,requests,NO,7567,24,data/cache/html/b54162069ce828544b8e711abb789d7bd82811b1/70c8533c1202ed12432e876fae852abf5f53ed3f.html,OK,,2026-09-30T19:02:25
c2c08bfa99b87ee098eef5f2dcd6a116044b52ea,c2c08bfa99b87ee098eef5f2dcd6a116044b52ea,c4d11b41eaea18a0384e215cab39b5463950d256,Precios de ALQUILER de COMPUTADORAS,empetec.pe,WEB_VALIDATED,https://empetec.pe/precios/alquiler/computadoras,https://empetec.pe/precios/alquiler/computadoras,https://empetec.pe/precios/alquiler/computadoras,200,text/html; charset=UTF-8,Precios de ALQUILER de COMPUTADORAS,requests,NO,2438,21,data/cache/html/c4d11b41eaea18a0384e215cab39b5463950d256/c2c08bfa99b87ee098eef5f2dcd6a116044b52ea.html,OK,,2026-09-30T19:02:26
6b537fd1dad1b358d8c17a699bc9200c7a4bf981,c2c08bfa99b87ee098eef5f2dcd6a116044b52ea,c4d11b41eaea18a0384e215cab39b5463950d256,Precios de ALQUILER de COMPUTADORAS,empetec.pe,WEB_VALIDATED,https://empetec.pe/precios/alquiler/computadoras,https://empetec.pe/comunicate-con-nosotros,https://empetec.pe/comunicate-con-nosotros,200,text/html; charset=UTF-8,"Comunícate con nosotros, contactate ahora",requests,NO,2484,21,data/cache/html/c4d11b41eaea18a0384e215cab39b5463950d256/6b537fd1dad1b358d8c17a699bc9200c7a4bf981.html,OK,,2026-09-30T19:02:27
944b1be20cdd5a0b1d9fcf5152ec129e251e5adc,c2c08bfa99b87ee098eef5f2dcd6a116044b52ea,c4d11b41eaea18a0384e215cab39b5463950d256,Precios de ALQUILER de COMPUTADORAS,empetec.pe,WEB_VALIDATED,https://empetec.pe/precios/alquiler/computadoras,https://empetec.pe/nosotros/trabajadores,https://empetec.pe/nosotros/trabajadores,200,text/html; charset=UTF-8,Nuestro equipo de Trabajo,requests,NO,3583,68,data/cache/html/c4d11b41eaea18a0384e215cab39b5463950d256/944b1be20cdd5a0b1d9fcf5152ec129e251e5adc.html,OK,,2026-09-30T19:02:28
e6114e49a9e118775f1290d09319d23627e1b18a,c2c08bfa99b87ee098eef5f2dcd6a116044b52ea,c4d11b41eaea18a0384e215cab39b5463950d256,Precios de ALQUILER de COMPUTADORAS,empetec.pe,WEB_VALIDATED,https://empetec.pe/precios/alquiler/computadoras,https://empetec.pe/servicio/precios/tercerizacion-de-servicios-ti,https://empetec.pe/servicio/precios/tercerizacion-de-servicios-ti,200,text/html; charset=UTF-8,Precios de TERCERIZACIÓN de SERVICIOS TI,requests,NO,2949,21,data/cache/html/c4d11b41eaea18a0384e215cab39b5463950d256/e6114e49a9e118775f1290d09319d23627e1b18a.html,OK,,2026-09-30T19:02:28
bedad687fe31916ef90e6dc9f3641d7847cdec91,c2c08bfa99b87ee098eef5f2dcd6a116044b52ea,c4d11b41eaea18a0384e215cab39b5463950d256,Precios de ALQUILER de COMPUTADORAS,empetec.pe,WEB_VALIDATED,https://empetec.pe/precios/alquiler/computadoras,https://empetec.pe/nosotros/quienes-somos,https://empetec.pe/nosotros/quienes-somos,200,text/html; charset=UTF-8,¿Quienes Somos? en Empresa Peruana de Tecnología SAC,requests,NO,2539,21,data/cache/html/c4d11b41eaea18a0384e215cab39b5463950d256/bedad687fe31916ef90e6dc9f3641d7847cdec91.html,OK,,2026-09-30T19:02:29
269f165f9d5de98525fa5dbfcc9161ed2e73c5ea,269f165f9d5de98525fa5dbfcc9161ed2e73c5ea,c4d11b41eaea18a0384e215cab39b5463950d256,Precios de ALQUILER de COMPUTADORAS,empetec.pe,HOME,https://empetec.pe/,https://empetec.pe/,https://empetec.pe/,200,text/html; charset=UTF-8,"▷ mantenimiento de LAPTOP COMPUTADORAS, CÁMARAS VIGILANCIA",requests,NO,4127,26,data/cache/html/c4d11b41eaea18a0384e215cab39b5463950d256/269f165f9d5de98525fa5dbfcc9161ed2e73c5ea.html,OK,,2026-09-30T19:02:29
f019e6bc9ef36d2f6e103758ada5b5d1b426cf0b,269f165f9d5de98525fa5dbfcc9161ed2e73c5ea,c4d11b41eaea18a0384e215cab39b5463950d256,Precios de ALQUILER de COMPUTADORAS,empetec.pe,HOME,https://empetec.pe/,https://www.empetec.pe/servicio/precios/tercerizacion-de-servicios-ti,https://www.empetec.pe/servicio/precios/tercerizacion-de-servicios-ti,200,text/html; charset=UTF-8,Precios de TERCERIZACIÓN de SERVICIOS TI,requests,NO,2949,21,data/cache/html/c4d11b41eaea18a0384e215cab39b5463950d256/f019e6bc9ef36d2f6e103758ada5b5d1b426cf0b.html,OK,,2026-09-30T19:02:31
8e27a8b9d23f81b69e0328e497aabe5a5c2203e9,269f165f9d5de98525fa5dbfcc9161ed2e73c5ea,c4d11b41eaea18a0384e215cab39b5463950d256,Precios de ALQUILER de COMPUTADORAS,empetec.pe,HOME,https://empetec.pe/,https://empetec.pe/nosotros/brochure,https://empetec.pe/nosotros/brochure,200,text/html; charset=UTF-8,Brochure de Empetec SAC,requests,NO,1354,21,data/cache/html/c4d11b41eaea18a0384e215cab39b5463950d256/8e27a8b9d23f81b69e0328e497aabe5a5c2203e9.html,OK,,2026-09-30T19:02:31
f3ddb7350be803be0570a9b422fa92924acdb91c,269f165f9d5de98525fa5dbfcc9161ed2e73c5ea,c4d11b41eaea18a0384e215cab39b5463950d256,Precios de ALQUILER de COMPUTADORAS,empetec.pe,HOME,https://empetec.pe/,https://empetec.pe/nosotros/certificaciones-y-alianzas,https://empetec.pe/nosotros/certificaciones-y-alianzas,200,text/html; charset=UTF-8,Certificaciones y alianzas,requests,NO,1904,21,data/cache/html/c4d11b41eaea18a0384e215cab39b5463950d256/f3ddb7350be803be0570a9b422fa92924acdb91c.html,OK,,2026-09-30T19:02:32
6765a092c892c47a119effa334b160131c99f6c1,269f165f9d5de98525fa5dbfcc9161ed2e73c5ea,c4d11b41eaea18a0384e215cab39b5463950d256,Precios de ALQUILER de COMPUTADORAS,empetec.pe,HOME,https://empetec.pe/,https://empetec.pe/nosotros/vision-mision,https://empetec.pe/nosotros/vision-mision,200,text/html; charset=UTF-8,Visión y Misión de Empresa Peruana de Tecnología SAC,requests,NO,1666,21,data/cache/html/c4d11b41eaea18a0384e215cab39b5463950d256/6765a092c892c47a119effa334b160131c99f6c1.html,OK,,2026-09-30T19:02:33
1bb6e4e68b96b45d1cb697f91d7bacefe46e3d2d,1bb6e4e68b96b45d1cb697f91d7bacefe46e3d2d,d0a63bc0aede25d12e9b610120ec9fa4dc327000,Alquiler de Laptops en Perú,dnpcorp.pe,WEB_VALIDATED,https://tienda.dnpcorp.pe/alquiler-de-laptops-48,https://tienda.dnpcorp.pe/alquiler-de-laptops-48,https://tienda.dnpcorp.pe/alquiler-de-laptops-48,200,text/html; charset=utf-8,Alquiler de Laptops en Perú,requests,NO,13064,47,data/cache/html/d0a63bc0aede25d12e9b610120ec9fa4dc327000/1bb6e4e68b96b45d1cb697f91d7bacefe46e3d2d.html,OK,,2026-09-30T19:02:34
578c3cf833066435bbf1a76f75ce4145e783e096,1bb6e4e68b96b45d1cb697f91d7bacefe46e3d2d,d0a63bc0aede25d12e9b610120ec9fa4dc327000,Alquiler de Laptops en Perú,dnpcorp.pe,WEB_VALIDATED,https://tienda.dnpcorp.pe/alquiler-de-laptops-48,https://tienda.dnpcorp.pe/servicios-4,https://tienda.dnpcorp.pe/servicios-4,200,text/html; charset=utf-8,servicios,requests,NO,13400,56,data/cache/html/d0a63bc0aede25d12e9b610120ec9fa4dc327000/578c3cf833066435bbf1a76f75ce4145e783e096.html,OK,,2026-09-30T19:02:36
ab14fbcd8c7fd1b24d4f0931f33e4e6e89bda8d2,1bb6e4e68b96b45d1cb697f91d7bacefe46e3d2d,d0a63bc0aede25d12e9b610120ec9fa4dc327000,Alquiler de Laptops en Perú,dnpcorp.pe,WEB_VALIDATED,https://tienda.dnpcorp.pe/alquiler-de-laptops-48,https://tienda.dnpcorp.pe/alquiler-de-laptops-48?order=product.sales.desc,https://tienda.dnpcorp.pe/alquiler-de-laptops-48?order=product.sales.desc,200,text/html; rendered=playwright,,playwright,SI,0,0,data/cache/html/d0a63bc0aede25d12e9b610120ec9fa4dc327000/ab14fbcd8c7fd1b24d4f0931f33e4e6e89bda8d2.html,OK,,2026-09-30T19:02:42
7dc939c1669a32d5837a3cf86d63fe61d4ba3149,1bb6e4e68b96b45d1cb697f91d7bacefe46e3d2d,d0a63bc0aede25d12e9b610120ec9fa4dc327000,Alquiler de Laptops en Perú,dnpcorp.pe,WEB_VALIDATED,https://tienda.dnpcorp.pe/alquiler-de-laptops-48,https://tienda.dnpcorp.pe/alquiler-de-servidores-47,https://tienda.dnpcorp.pe/alquiler-de-servidores-47,200,text/html; charset=utf-8,Alquiler mensual de Servidores en peru,requests,NO,14746,49,data/cache/html/d0a63bc0aede25d12e9b610120ec9fa4dc327000/7dc939c1669a32d5837a3cf86d63fe61d4ba3149.html,OK,,2026-09-30T19:02:43
923bdf355d2a80087ebc6a3103d32c9ebbdbe6f2,1bb6e4e68b96b45d1cb697f91d7bacefe46e3d2d,d0a63bc0aede25d12e9b610120ec9fa4dc327000,Alquiler de Laptops en Perú,dnpcorp.pe,WEB_VALIDATED,https://tienda.dnpcorp.pe/alquiler-de-laptops-48,https://tienda.dnpcorp.pe/blog/post/1/por-que-la-infraestructura-ti-incrementa-la-operatividad-de-mi-empresa?page_type=post,https://tienda.dnpcorp.pe/blog/post/1/por-que-la-infraestructura-ti-incrementa-la-operatividad-de-mi-empresa?page_type=post,200,text/html; charset=utf-8,¿Por qué la infraestructura TI incrementa la operatividad de mi empresa?,requests,NO,4588,27,data/cache/html/d0a63bc0aede25d12e9b610120ec9fa4dc327000/923bdf355d2a80087ebc6a3103d32c9ebbdbe6f2.html,OK,,2026-09-30T19:02:44
473fd2f34b81319a62abfdcb0bfeaa0a6e9207ac,473fd2f34b81319a62abfdcb0bfeaa0a6e9207ac,d0a63bc0aede25d12e9b610120ec9fa4dc327000,Alquiler de Laptops en Perú,dnpcorp.pe,HOME,https://tienda.dnpcorp.pe/,https://tienda.dnpcorp.pe/,https://tienda.dnpcorp.pe/,200,text/html; charset=utf-8,DNP CORP: Equipos y Soluciones Tecnológicas Avanzadas para tu Negocio,requests,NO,3325,55,data/cache/html/d0a63bc0aede25d12e9b610120ec9fa4dc327000/473fd2f34b81319a62abfdcb0bfeaa0a6e9207ac.html,OK,,2026-09-30T19:02:45
0ba351c5ef9c64a108f3160bba032c1eed75f726,473fd2f34b81319a62abfdcb0bfeaa0a6e9207ac,d0a63bc0aede25d12e9b610120ec9fa4dc327000,Alquiler de Laptops en Perú,dnpcorp.pe,HOME,https://tienda.dnpcorp.pe/,https://tienda.dnpcorp.pe/productos/496-alquiler-de-servidores-dell-poweredge-oemr-xl-r740xd.html,https://tienda.dnpcorp.pe/productos/496-alquiler-de-servidores-dell-poweredge-oemr-xl-r740xd.html,200,text/html; charset=utf-8,Alquiler de servidores DELL PowerEdge OEMR XL R740XD,requests,NO,4406,20,data/cache/html/d0a63bc0aede25d12e9b610120ec9fa4dc327000/0ba351c5ef9c64a108f3160bba032c1eed75f726.html,OK,,2026-09-30T19:02:46
19f72068fe0b641b15df690102bd66fe0e0a70d0,473fd2f34b81319a62abfdcb0bfeaa0a6e9207ac,d0a63bc0aede25d12e9b610120ec9fa4dc327000,Alquiler de Laptops en Perú,dnpcorp.pe,HOME,https://tienda.dnpcorp.pe/,https://tienda.dnpcorp.pe/productos/494-alquiler-de-servidores-dell-poweredge-r630.html,https://tienda.dnpcorp.pe/productos/494-alquiler-de-servidores-dell-poweredge-r630.html,200,text/html; charset=utf-8,Alquiler de servidores DELL PowerEdge R630,requests,NO,4200,20,data/cache/html/d0a63bc0aede25d12e9b610120ec9fa4dc327000/19f72068fe0b641b15df690102bd66fe0e0a70d0.html,OK,,2026-09-30T19:02:47
42466d54347c0bf858322ef124b112d0f1a267f1,473fd2f34b81319a62abfdcb0bfeaa0a6e9207ac,d0a63bc0aede25d12e9b610120ec9fa4dc327000,Alquiler de Laptops en Perú,dnpcorp.pe,HOME,https://tienda.dnpcorp.pe/,https://tienda.dnpcorp.pe/mi-cuenta,https://tienda.dnpcorp.pe/iniciar-sesion?back=my-account,200,text/html; charset=utf-8,Iniciar sesión,requests,NO,1974,27,data/cache/html/d0a63bc0aede25d12e9b610120ec9fa4dc327000/42466d54347c0bf858322ef124b112d0f1a267f1.html,OK,,2026-09-30T19:02:49
487a9acb81fbc32f25e0134c4db87afdadda7e40,473fd2f34b81319a62abfdcb0bfeaa0a6e9207ac,d0a63bc0aede25d12e9b610120ec9fa4dc327000,Alquiler de Laptops en Perú,dnpcorp.pe,HOME,https://tienda.dnpcorp.pe/,https://tienda.dnpcorp.pe/module/tvcmswishlist/mywishlist,https://tienda.dnpcorp.pe/iniciar-sesion?back=https%3A%2F%2Ftienda.dnpcorp.pe%2Fmodule%2Ftvcmswishlist%2Fmywishlist,200,text/html; charset=utf-8,Iniciar sesión,requests,NO,1974,27,data/cache/html/d0a63bc0aede25d12e9b610120ec9fa4dc327000/487a9acb81fbc32f25e0134c4db87afdadda7e40.html,OK,,2026-09-30T19:02:50
da339636ff5e4c31e94452eb750422c34bb2c3f0,da339636ff5e4c31e94452eb750422c34bb2c3f0,d81921db9b849eb44e15bfd4c38663966b477269,Somos el líder especialista en alquiler de laptops del Perú ...,leasing.pe,WEB_VALIDATED,https://www.leasing.pe/,https://www.leasing.pe/,https://www.leasing.pe/,200,text/html,Somos el lÃ­der especialista en alquiler de laptops del PerÃº. Leasing Operativo de Laptops,requests,NO,2657,0,data/cache/html/d81921db9b849eb44e15bfd4c38663966b477269/da339636ff5e4c31e94452eb750422c34bb2c3f0.html,OK,,2026-09-30T19:02:51
6df220c919a29f39acb212bc22c07ea961aff840,6df220c919a29f39acb212bc22c07ea961aff840,df62e788071e7119645b0b0f2f2acb1b030c7119,Leasein: La fintech peruana que transforma el leasing con ...,startupslatam.com,WEB_VALIDATED,https://startupslatam.com/leasein-la-fintech-peruana-que-transforma-el-leasing-con-tecnologia-y-sostenibilidad/,https://startupslatam.com/leasein-la-fintech-peruana-que-transforma-el-leasing-con-tecnologia-y-sostenibilidad/,https://startupslatam.com/leasein-la-fintech-peruana-que-transforma-el-leasing-con-tecnologia-y-sostenibilidad/,200,text/html; charset=UTF-8,Leasein: La fintech peruana que transforma el leasing con tecnología y sostenibilidad - Startups Latam,requests,NO,7115,17,data/cache/html/df62e788071e7119645b0b0f2f2acb1b030c7119/6df220c919a29f39acb212bc22c07ea961aff840.html,OK,,2026-09-30T19:02:53
14d3b934d0293769b98fbdf9ff9f1ea671bca585,6df220c919a29f39acb212bc22c07ea961aff840,df62e788071e7119645b0b0f2f2acb1b030c7119,Leasein: La fintech peruana que transforma el leasing con ...,startupslatam.com,WEB_VALIDATED,https://startupslatam.com/leasein-la-fintech-peruana-que-transforma-el-leasing-con-tecnologia-y-sostenibilidad/,https://startupslatam.com/tag/leasing/,https://startupslatam.com/tag/leasing/,200,text/html; charset=UTF-8,leasing archivos - Startups Latam,requests,NO,3347,13,data/cache/html/df62e788071e7119645b0b0f2f2acb1b030c7119/14d3b934d0293769b98fbdf9ff9f1ea671bca585.html,OK,,2026-09-30T19:02:54
31239f7ae65f1cbac6bf7aa62ab4d2ba3ac55079,6df220c919a29f39acb212bc22c07ea961aff840,df62e788071e7119645b0b0f2f2acb1b030c7119,Leasein: La fintech peruana que transforma el leasing con ...,startupslatam.com,WEB_VALIDATED,https://startupslatam.com/leasein-la-fintech-peruana-que-transforma-el-leasing-con-tecnologia-y-sostenibilidad/,https://startupslatam.com/,https://startupslatam.com/,200,text/html; charset=UTF-8,Startups Latam - Ecosistema emprendedor de Latinoamérica,requests,NO,3487,21,data/cache/html/df62e788071e7119645b0b0f2f2acb1b030c7119/31239f7ae65f1cbac6bf7aa62ab4d2ba3ac55079.html,OK,,2026-09-30T19:02:56
b613a5f44be84cb7af7952e6e65e775a33375f52,6df220c919a29f39acb212bc22c07ea961aff840,df62e788071e7119645b0b0f2f2acb1b030c7119,Leasein: La fintech peruana que transforma el leasing con ...,startupslatam.com,WEB_VALIDATED,https://startupslatam.com/leasein-la-fintech-peruana-que-transforma-el-leasing-con-tecnologia-y-sostenibilidad/,https://startupslatam.com/startups/,https://startupslatam.com/startups/,200,text/html; charset=UTF-8,Startups - Startups Latam,requests,NO,3791,10,data/cache/html/df62e788071e7119645b0b0f2f2acb1b030c7119/b613a5f44be84cb7af7952e6e65e775a33375f52.html,OK,,2026-09-30T19:02:57
11f8a19e2f1542ef5fe05de0b308ab3eb369d3e9,6df220c919a29f39acb212bc22c07ea961aff840,df62e788071e7119645b0b0f2f2acb1b030c7119,Leasein: La fintech peruana que transforma el leasing con ...,startupslatam.com,WEB_VALIDATED,https://startupslatam.com/leasein-la-fintech-peruana-que-transforma-el-leasing-con-tecnologia-y-sostenibilidad/,https://startupslatam.com/founders/,https://startupslatam.com/founders/,200,text/html; charset=UTF-8,Founders - Startups Latam,requests,NO,3099,10,data/cache/html/df62e788071e7119645b0b0f2f2acb1b030c7119/11f8a19e2f1542ef5fe05de0b308ab3eb369d3e9.html,OK,,2026-09-30T19:02:58
642d157859535b20237d2a1ed9fca3a7983ca6e7,642d157859535b20237d2a1ed9fca3a7983ca6e7,e0e798fe798bb3c604140ffb2e89ac5a0258d5e3,Alquiler de Computadores para Empresas,hp.com,WEB_VALIDATED,https://www.hp.com/pe-es/shop/alquiler-tecnologia-hp,https://www.hp.com/pe-es/shop/alquiler-tecnologia-hp,https://www.hp.com/pe-es/shop/alquiler-tecnologia-hp,200,text/html; charset=UTF-8,Alquiler de Computadores para Empresas   - Tienda HP.com Perú,requests,NO,12853,179,data/cache/html/e0e798fe798bb3c604140ffb2e89ac5a0258d5e3/642d157859535b20237d2a1ed9fca3a7983ca6e7.html,OK,,2026-09-30T19:03:00
78b9cc8fc10e69e3cfc1fb3a59261c3c223073c5,642d157859535b20237d2a1ed9fca3a7983ca6e7,e0e798fe798bb3c604140ffb2e89ac5a0258d5e3,Alquiler de Computadores para Empresas,hp.com,WEB_VALIDATED,https://www.hp.com/pe-es/shop/alquiler-tecnologia-hp,https://www.hp.com/pe-es/shop/contacto,https://www.hp.com/pe-es/shop/contacto,200,text/html; charset=UTF-8,Información de contacto  - Tienda HP.com Perú,requests,NO,9669,184,data/cache/html/e0e798fe798bb3c604140ffb2e89ac5a0258d5e3/78b9cc8fc10e69e3cfc1fb3a59261c3c223073c5.html,OK,,2026-09-30T19:03:00
dd60f00e778103154acfd04096d26d0fc782f659,642d157859535b20237d2a1ed9fca3a7983ca6e7,e0e798fe798bb3c604140ffb2e89ac5a0258d5e3,Alquiler de Computadores para Empresas,hp.com,WEB_VALIDATED,https://www.hp.com/pe-es/shop/alquiler-tecnologia-hp,https://www.hp.com/pe-es/shop/hp-negocios,https://www.hp.com/pe-es/shop/hp-para-empresas,200,text/html; charset=UTF-8,HP Negocios - Soluciones para tu empresa  - Tienda HP.com Perú,requests,NO,22263,192,data/cache/html/e0e798fe798bb3c604140ffb2e89ac5a0258d5e3/dd60f00e778103154acfd04096d26d0fc782f659.html,OK,,2026-09-30T19:03:01
7653cdcc9b3b4bf223f2430c48040f8474adedd3,642d157859535b20237d2a1ed9fca3a7983ca6e7,e0e798fe798bb3c604140ffb2e89ac5a0258d5e3,Alquiler de Computadores para Empresas,hp.com,WEB_VALIDATED,https://www.hp.com/pe-es/shop/alquiler-tecnologia-hp,https://support.hp.com/pe-es,https://support.hp.com/pe-es,200,text/html; rendered=playwright,Soporte oficial HP®,playwright,SI,11427,106,data/cache/html/e0e798fe798bb3c604140ffb2e89ac5a0258d5e3/7653cdcc9b3b4bf223f2430c48040f8474adedd3.html,OK,,2026-09-30T19:03:09
8ea60795c193a20402a01efb47865c5df64af680,642d157859535b20237d2a1ed9fca3a7983ca6e7,e0e798fe798bb3c604140ffb2e89ac5a0258d5e3,Alquiler de Computadores para Empresas,hp.com,WEB_VALIDATED,https://www.hp.com/pe-es/shop/alquiler-tecnologia-hp,https://www.hp.com/pe-es/shop/,https://www.hp.com/pe-es/shop/,200,text/html; charset=UTF-8,"Tienda Oficial HP Perú - Laptops, Desktops, Impresoras, Monitores, Tinta, Tóner y Accesorios  - Tienda HP.com Perú",requests,NO,10703,195,data/cache/html/e0e798fe798bb3c604140ffb2e89ac5a0258d5e3/8ea60795c193a20402a01efb47865c5df64af680.html,OK,,2026-09-30T19:03:10
da3374f1f842dbc5ee5051b19974b42aa3ca42ca,da3374f1f842dbc5ee5051b19974b42aa3ca42ca,e0e798fe798bb3c604140ffb2e89ac5a0258d5e3,Alquiler de Computadores para Empresas,hp.com,HOME,https://www.hp.com/,https://www.hp.com/,https://www.hp.com/pe-es/home.html,200,text/html;charset=utf-8,"Laptops, desktops, impresoras y mucho más | HP® Perú",requests,NO,4892,155,data/cache/html/e0e798fe798bb3c604140ffb2e89ac5a0258d5e3/da3374f1f842dbc5ee5051b19974b42aa3ca42ca.html,OK,,2026-09-30T19:03:12
d0d65b073a537d6e7baf3ce8db78c077f3227bd9,da3374f1f842dbc5ee5051b19974b42aa3ca42ca,e0e798fe798bb3c604140ffb2e89ac5a0258d5e3,Alquiler de Computadores para Empresas,hp.com,HOME,https://www.hp.com/,https://www.hp.com/pe-es/business-solutions/services-solutions.html,https://www.hp.com/pe-es/business-solutions/services-solutions.html,200,text/html;charset=utf-8,Software y servicios: servicios de TI para el trabajo híbrido | HP® Perú,requests,NO,5971,154,data/cache/html/e0e798fe798bb3c604140ffb2e89ac5a0258d5e3/d0d65b073a537d6e7baf3ce8db78c077f3227bd9.html,OK,,2026-09-30T19:03:12
5e650a71c17c47d600f7380a2107e15637a66d4f,da3374f1f842dbc5ee5051b19974b42aa3ca42ca,e0e798fe798bb3c604140ffb2e89ac5a0258d5e3,Alquiler de Computadores para Empresas,hp.com,HOME,https://www.hp.com/,https://www.hp.com/pe-es/shop/hp-para-empresas,https://www.hp.com/pe-es/shop/hp-para-empresas,200,text/html; charset=UTF-8,HP Negocios - Soluciones para tu empresa  - Tienda HP.com Perú,requests,NO,22263,192,data/cache/html/e0e798fe798bb3c604140ffb2e89ac5a0258d5e3/5e650a71c17c47d600f7380a2107e15637a66d4f.html,OK,,2026-09-30T19:03:13
bc951a303d5e83958d00cae7c361a3c6c07b08d2,da3374f1f842dbc5ee5051b19974b42aa3ca42ca,e0e798fe798bb3c604140ffb2e89ac5a0258d5e3,Alquiler de Computadores para Empresas,hp.com,HOME,https://www.hp.com/,https://www.hp.com/pe-es/shop/laptops/laptops-empresariales.html,https://www.hp.com/pe-es/shop/laptops/laptops-empresariales.html,200,text/html; charset=UTF-8,Laptops Empresariales > Laptops  - Tienda HP.com Perú,requests,NO,16644,198,data/cache/html/e0e798fe798bb3c604140ffb2e89ac5a0258d5e3/bc951a303d5e83958d00cae7c361a3c6c07b08d2.html,OK,,2026-09-30T19:03:14
b310bda9b60aadf8a5e3dfdf2f4683db5b278a17,da3374f1f842dbc5ee5051b19974b42aa3ca42ca,e0e798fe798bb3c604140ffb2e89ac5a0258d5e3,Alquiler de Computadores para Empresas,hp.com,HOME,https://www.hp.com/,https://www.hp.com/pe-es/shop/laptops/laptops-empresariales/laptops-zbook.html,https://www.hp.com/pe-es/shop/laptops/laptops-empresariales/laptops-zbook.html,200,text/html; charset=UTF-8,Workstations  > Laptops Empresariales > Laptops  - Tienda HP.com Perú,requests,NO,15109,197,data/cache/html/e0e798fe798bb3c604140ffb2e89ac5a0258d5e3/b310bda9b60aadf8a5e3dfdf2f4683db5b278a17.html,OK,,2026-09-30T19:03:16
a2ef181b981e7204969c8858f064b5782e754f3a,a2ef181b981e7204969c8858f064b5782e754f3a,e6b9a7619be457825cecb9732a936b11efb79a8e,alquiler de laptops a medida,systembaseperu.com,WEB_VALIDATED,https://systembaseperu.com/blog/alquiler-de-laptops-a-medida/,https://systembaseperu.com/blog/alquiler-de-laptops-a-medida/,https://systembaseperu.com/blog/alquiler-de-laptops-a-medida/,200,text/html; charset=UTF-8,alquiler de laptops a medida – Systembase Perú,requests,NO,4073,22,data/cache/html/e6b9a7619be457825cecb9732a936b11efb79a8e/a2ef181b981e7204969c8858f064b5782e754f3a.html,OK,,2026-09-30T19:03:22
488ada1c1d1d00a9b415c5d8cde20a7bd1c2441b,a2ef181b981e7204969c8858f064b5782e754f3a,e6b9a7619be457825cecb9732a936b11efb79a8e,alquiler de laptops a medida,systembaseperu.com,WEB_VALIDATED,https://systembaseperu.com/blog/alquiler-de-laptops-a-medida/,https://systembaseperu.com/alquiler-de-laptops/,https://systembaseperu.com/alquiler-de-laptops/,200,text/html; charset=UTF-8,Alquiler de Laptops – Systembase Perú,requests,NO,12319,18,data/cache/html/e6b9a7619be457825cecb9732a936b11efb79a8e/488ada1c1d1d00a9b415c5d8cde20a7bd1c2441b.html,OK,,2026-09-30T19:03:26
693e9231a9ea0d7daf18a9859f40681877f816a0,a2ef181b981e7204969c8858f064b5782e754f3a,e6b9a7619be457825cecb9732a936b11efb79a8e,alquiler de laptops a medida,systembaseperu.com,WEB_VALIDATED,https://systembaseperu.com/blog/alquiler-de-laptops-a-medida/,https://systembaseperu.com/alquiler-de-tablets/,https://systembaseperu.com/alquiler-de-tablets/,200,text/html; charset=UTF-8,Alquiler de Tablets en Lima – Systembase Perú,requests,NO,4368,18,data/cache/html/e6b9a7619be457825cecb9732a936b11efb79a8e/693e9231a9ea0d7daf18a9859f40681877f816a0.html,OK,,2026-09-30T19:03:31
2456445ee8b6cf1909f089f0b004a4484e5e5e66,a2ef181b981e7204969c8858f064b5782e754f3a,e6b9a7619be457825cecb9732a936b11efb79a8e,alquiler de laptops a medida,systembaseperu.com,WEB_VALIDATED,https://systembaseperu.com/blog/alquiler-de-laptops-a-medida/,https://systembaseperu.com/alquiler-de-computadoras/,https://systembaseperu.com/alquiler-de-computadoras/,200,text/html; charset=UTF-8,Alquiler de computadoras – Systembase Perú,requests,NO,5972,17,data/cache/html/e6b9a7619be457825cecb9732a936b11efb79a8e/2456445ee8b6cf1909f089f0b004a4484e5e5e66.html,OK,,2026-09-30T19:03:39
dd87be937ff179dfbaba099199f9a0799163fa48,a2ef181b981e7204969c8858f064b5782e754f3a,e6b9a7619be457825cecb9732a936b11efb79a8e,alquiler de laptops a medida,systembaseperu.com,WEB_VALIDATED,https://systembaseperu.com/blog/alquiler-de-laptops-a-medida/,https://systembaseperu.com/alquiler-de-impresoras,https://systembaseperu.com/alquiler-de-impresoras/,200,text/html; charset=UTF-8,Alquiler de impresoras – Systembase Perú,requests,NO,4892,18,data/cache/html/e6b9a7619be457825cecb9732a936b11efb79a8e/dd87be937ff179dfbaba099199f9a0799163fa48.html,OK,,2026-09-30T19:03:47
93980531dbd62c7ef4e03e27cb272a7c9c743100,93980531dbd62c7ef4e03e27cb272a7c9c743100,e6b9a7619be457825cecb9732a936b11efb79a8e,alquiler de laptops a medida,systembaseperu.com,HOME,https://systembaseperu.com/,https://systembaseperu.com/,https://systembaseperu.com/,200,text/html; charset=UTF-8,Systembase Perú – Alquiler de laptops para empresas,requests,NO,11295,25,data/cache/html/e6b9a7619be457825cecb9732a936b11efb79a8e/93980531dbd62c7ef4e03e27cb272a7c9c743100.html,OK,,2026-09-30T19:03:52
725bb0e56f01d6e9ac0667a5b057d5d97b8bd54c,93980531dbd62c7ef4e03e27cb272a7c9c743100,e6b9a7619be457825cecb9732a936b11efb79a8e,alquiler de laptops a medida,systembaseperu.com,HOME,https://systembaseperu.com/,http://www.systembaseperu.com/contacto,http://systembaseperu.com/contacto/,200,text/html; charset=UTF-8,Contacto – Systembase Perú,requests,NO,2848,20,data/cache/html/e6b9a7619be457825cecb9732a936b11efb79a8e/725bb0e56f01d6e9ac0667a5b057d5d97b8bd54c.html,OK,,2026-09-30T19:04:02
c8b1050f4d139fe9c1d4cc329569888a2327e218,93980531dbd62c7ef4e03e27cb272a7c9c743100,e6b9a7619be457825cecb9732a936b11efb79a8e,alquiler de laptops a medida,systembaseperu.com,HOME,https://systembaseperu.com/,https://systembaseperu.com/leasing-de-laptops/,https://systembaseperu.com/leasing-de-laptops/,200,text/html; charset=UTF-8,Leasing de Laptops – Systembase Perú,requests,NO,5724,17,data/cache/html/e6b9a7619be457825cecb9732a936b11efb79a8e/c8b1050f4d139fe9c1d4cc329569888a2327e218.html,OK,,2026-09-30T19:04:09
880d36c86f6e73d42a5112769b868b9960b35c5d,93980531dbd62c7ef4e03e27cb272a7c9c743100,e6b9a7619be457825cecb9732a936b11efb79a8e,alquiler de laptops a medida,systembaseperu.com,HOME,https://systembaseperu.com/,https://systembaseperu.com/soporte-tecnico/,https://systembaseperu.com/soporte-tecnico/,200,text/html; charset=UTF-8,Soporte Técnico – Systembase Perú,requests,NO,8515,17,data/cache/html/e6b9a7619be457825cecb9732a936b11efb79a8e/880d36c86f6e73d42a5112769b868b9960b35c5d.html,OK,,2026-09-30T19:04:12
c0f1b0e164154f4bcde6379e02a60b6fd67d396b,93980531dbd62c7ef4e03e27cb272a7c9c743100,e6b9a7619be457825cecb9732a936b11efb79a8e,alquiler de laptops a medida,systembaseperu.com,HOME,https://systembaseperu.com/,https://systembaseperu.com/blog/las-memorias-ram-suben-de-precio-2026/,https://systembaseperu.com/blog/las-memorias-ram-suben-de-precio-2026/,200,text/html; charset=UTF-8,Los precios de la memoria RAM se disparan: así impactará el costo de los equipos en 2026 – Systembase Perú,requests,NO,5802,19,data/cache/html/e6b9a7619be457825cecb9732a936b11efb79a8e/c0f1b0e164154f4bcde6379e02a60b6fd67d396b.html,OK,,2026-09-30T19:04:16
6cf347047b8f6cbe00f68391c97e7b3d5b0c897b,6cf347047b8f6cbe00f68391c97e7b3d5b0c897b,fa1b9839fc245ba195a1e60b742bdb10b40be079,Leasing Operativo de Tecnología para Empresas en Perú,thuntech.pe,WEB_VALIDATED,https://thuntech.pe/leasing-operativo/,https://thuntech.pe/leasing-operativo/,https://thuntech.pe/leasing-operativo/,200,text/html; charset=UTF-8,Leasing Operativo de Tecnología para Empresas en Perú | Optimiza tu Capital - Thuntech - THUNTECH,requests,NO,6824,8,data/cache/html/fa1b9839fc245ba195a1e60b742bdb10b40be079/6cf347047b8f6cbe00f68391c97e7b3d5b0c897b.html,OK,,2026-09-30T19:04:17
f1d5db9cd1cade68611301d3b90cb4dd142c08b4,6cf347047b8f6cbe00f68391c97e7b3d5b0c897b,fa1b9839fc245ba195a1e60b742bdb10b40be079,Leasing Operativo de Tecnología para Empresas en Perú,thuntech.pe,WEB_VALIDATED,https://thuntech.pe/leasing-operativo/,https://thuntech.pe/contacto-thuntech/,https://thuntech.pe/contacto-thuntech/,200,text/html; charset=UTF-8,Contacto Thuntech - THUNTECH,requests,NO,1729,8,data/cache/html/fa1b9839fc245ba195a1e60b742bdb10b40be079/f1d5db9cd1cade68611301d3b90cb4dd142c08b4.html,OK,,2026-09-30T19:04:18
48ca2574ddbb2405923634eee7a830d3678ac837,6cf347047b8f6cbe00f68391c97e7b3d5b0c897b,fa1b9839fc245ba195a1e60b742bdb10b40be079,Leasing Operativo de Tecnología para Empresas en Perú,thuntech.pe,WEB_VALIDATED,https://thuntech.pe/leasing-operativo/,https://thuntech.pe/blog-soluciones-tecnologicas-para-empresas-alquiler-venta-y-leasing,https://thuntech.pe/blog-thuntech/,200,text/html; charset=UTF-8,"Blog | Soluciones Tecnológicas para Empresas: Alquiler, Venta y Leasing - THUNTECH",requests,NO,7218,25,data/cache/html/fa1b9839fc245ba195a1e60b742bdb10b40be079/48ca2574ddbb2405923634eee7a830d3678ac837.html,OK,,2026-09-30T19:04:18
d50dfba8c74c7a1d981186df725dc206ac2677bd,6cf347047b8f6cbe00f68391c97e7b3d5b0c897b,fa1b9839fc245ba195a1e60b742bdb10b40be079,Leasing Operativo de Tecnología para Empresas en Perú,thuntech.pe,WEB_VALIDATED,https://thuntech.pe/leasing-operativo/,https://thuntech.pe/alquiler-de-laptops/,https://thuntech.pe/alquiler-de-laptops/,200,text/html; charset=UTF-8,Alquiler Laptops Empresas en Perú | Flexibilidad y Ahorro - THUNTECH,requests,NO,10412,8,data/cache/html/fa1b9839fc245ba195a1e60b742bdb10b40be079/d50dfba8c74c7a1d981186df725dc206ac2677bd.html,OK,,2026-09-30T19:04:19
42be22b5aeb8b25d947dbea036543930aac8f71b,6cf347047b8f6cbe00f68391c97e7b3d5b0c897b,fa1b9839fc245ba195a1e60b742bdb10b40be079,Leasing Operativo de Tecnología para Empresas en Perú,thuntech.pe,WEB_VALIDATED,https://thuntech.pe/leasing-operativo/,https://thuntech.pe/,https://thuntech.pe/,200,text/html; charset=UTF-8,Thuntech: Soluciones tecnológicas para empresas en Perú - THUNTECH,requests,NO,7901,8,data/cache/html/fa1b9839fc245ba195a1e60b742bdb10b40be079/42be22b5aeb8b25d947dbea036543930aac8f71b.html,OK,,2026-09-30T19:04:20
0894f7f1bcecbff061d42de7583b6de7c446219c,0894f7f1bcecbff061d42de7583b6de7c446219c,fa1b9839fc245ba195a1e60b742bdb10b40be079,Leasing Operativo de Tecnología para Empresas en Perú,thuntech.pe,SEARCH_RESULT,https://thuntech.pe/renting-tecnologico-peru/,https://thuntech.pe/renting-tecnologico-peru/,https://thuntech.pe/renting-tecnologico-peru/,200,text/html; charset=UTF-8,Renting tecnológico en Perú: beneficios para empresas y crecimiento empresarial - THUNTECH,requests,NO,6315,16,data/cache/html/fa1b9839fc245ba195a1e60b742bdb10b40be079/0894f7f1bcecbff061d42de7583b6de7c446219c.html,OK,,2026-09-30T19:04:27
8d680302c97162354fd8347b165098ccced52f6b,0894f7f1bcecbff061d42de7583b6de7c446219c,fa1b9839fc245ba195a1e60b742bdb10b40be079,Leasing Operativo de Tecnología para Empresas en Perú,thuntech.pe,SEARCH_RESULT,https://thuntech.pe/renting-tecnologico-peru/,https://thuntech.pe/device-as-a-service-daas-peru-leasing-renting-compra/,https://thuntech.pe/device-as-a-service-daas-peru-leasing-renting-compra/,200,text/html; charset=UTF-8,"Device as a Service (DaaS) en Perú 2026: diferencias con leasing operativo, renting y compra - THUNTECH",requests,NO,12146,18,data/cache/html/fa1b9839fc245ba195a1e60b742bdb10b40be079/8d680302c97162354fd8347b165098ccced52f6b.html,OK,,2026-09-30T19:04:35
0c34acc5a35470042c9a4be7510df79a1b81246e,0894f7f1bcecbff061d42de7583b6de7c446219c,fa1b9839fc245ba195a1e60b742bdb10b40be079,Leasing Operativo de Tecnología para Empresas en Perú,thuntech.pe,SEARCH_RESULT,https://thuntech.pe/renting-tecnologico-peru/,https://thuntech.pe/category/alquiler-de-laptops-thuntech/,https://thuntech.pe/category/alquiler-de-laptops-thuntech/,200,text/html; charset=UTF-8,Alquiler de Laptops archivos - THUNTECH,requests,NO,3706,20,data/cache/html/fa1b9839fc245ba195a1e60b742bdb10b40be079/0c34acc5a35470042c9a4be7510df79a1b81246e.html,OK,,2026-09-30T19:04:43
ed100881d06da4d8f1863daf860c9f7e7754fabf,0894f7f1bcecbff061d42de7583b6de7c446219c,fa1b9839fc245ba195a1e60b742bdb10b40be079,Leasing Operativo de Tecnología para Empresas en Perú,thuntech.pe,SEARCH_RESULT,https://thuntech.pe/renting-tecnologico-peru/,https://thuntech.pe/category/renting-de-computadoras/,https://thuntech.pe/category/renting-de-computadoras/,200,text/html; charset=UTF-8,Renting de Computadoras archivos - THUNTECH,requests,NO,3690,20,data/cache/html/fa1b9839fc245ba195a1e60b742bdb10b40be079/ed100881d06da4d8f1863daf860c9f7e7754fabf.html,OK,,2026-09-30T19:04:50
93d424c01fb751a1c24664dabc4706a1714c7ea3,0894f7f1bcecbff061d42de7583b6de7c446219c,fa1b9839fc245ba195a1e60b742bdb10b40be079,Leasing Operativo de Tecnología para Empresas en Perú,thuntech.pe,SEARCH_RESULT,https://thuntech.pe/renting-tecnologico-peru/,https://thuntech.pe/docking-station-usb-c-empresas-guia-2026/,https://thuntech.pe/docking-station-usb-c-empresas-guia-2026/,200,text/html; charset=UTF-8,"Docking station USB-C para empresas: cómo elegir puertos, potencia y compatibilidad en 2026 - THUNTECH",requests,NO,11323,17,data/cache/html/fa1b9839fc245ba195a1e60b742bdb10b40be079/93d424c01fb751a1c24664dabc4706a1714c7ea3.html,OK,,2026-09-30T19:04:58
0ce258b8ae51449f6bf16808695ea382a81846a4,0ce258b8ae51449f6bf16808695ea382a81846a4,fa1b9839fc245ba195a1e60b742bdb10b40be079,Leasing Operativo de Tecnología para Empresas en Perú,thuntech.pe,SEARCH_RESULT,https://thuntech.pe/alquiler-de-laptops-en-lima/,https://thuntech.pe/alquiler-de-laptops-en-lima/,https://thuntech.pe/alquiler-de-laptops-en-lima/,200,text/html; charset=UTF-8,"Alquiler de laptops en Lima: precios, opciones y cómo elegir en 2026 - THUNTECH",requests,NO,8674,16,data/cache/html/fa1b9839fc245ba195a1e60b742bdb10b40be079/0ce258b8ae51449f6bf16808695ea382a81846a4.html,OK,,2026-09-30T19:05:05
320fa86c35989f06fab1013abf28941f09a6387c,0ce258b8ae51449f6bf16808695ea382a81846a4,fa1b9839fc245ba195a1e60b742bdb10b40be079,Leasing Operativo de Tecnología para Empresas en Perú,thuntech.pe,SEARCH_RESULT,https://thuntech.pe/alquiler-de-laptops-en-lima/,https://thuntech.pe/alquiler-laptops-power-bi-lima/,https://thuntech.pe/alquiler-laptops-power-bi-lima/,200,text/html; charset=UTF-8,"Alquiler de laptops para Power BI en Lima 2026: RAM, procesador y configuración recomendada - THUNTECH",requests,NO,11032,18,data/cache/html/fa1b9839fc245ba195a1e60b742bdb10b40be079/320fa86c35989f06fab1013abf28941f09a6387c.html,OK,,2026-09-30T19:05:13
f9999cada969aef4832b738ebf4322cfcfe3207e,0ce258b8ae51449f6bf16808695ea382a81846a4,fa1b9839fc245ba195a1e60b742bdb10b40be079,Leasing Operativo de Tecnología para Empresas en Perú,thuntech.pe,SEARCH_RESULT,https://thuntech.pe/alquiler-de-laptops-en-lima/,https://thuntech.pe/alquiler-laptops-evaluaciones-personal-seleccion-lima/,https://thuntech.pe/alquiler-laptops-evaluaciones-personal-seleccion-lima/,200,text/html; charset=UTF-8,Alquiler de laptops para evaluaciones de personal y procesos de selección en Lima 2026 - THUNTECH,requests,NO,11364,18,data/cache/html/fa1b9839fc245ba195a1e60b742bdb10b40be079/f9999cada969aef4832b738ebf4322cfcfe3207e.html,OK,,2026-09-30T19:05:13
abc1da26be812ef448282c910740e1efeb8d2a23,0ce258b8ae51449f6bf16808695ea382a81846a4,fa1b9839fc245ba195a1e60b742bdb10b40be079,Leasing Operativo de Tecnología para Empresas en Perú,thuntech.pe,SEARCH_RESULT,https://thuntech.pe/alquiler-de-laptops-en-lima/,https://thuntech.pe/renovacion-tecnologica-empresas-peru-windows-11/,https://thuntech.pe/renovacion-tecnologica-empresas-peru-windows-11/,200,text/html; charset=UTF-8,Renovación tecnológica para empresas en Perú 2026: guía para migrar de Windows 10 a Windows 11 - THUNTECH,requests,NO,12278,16,data/cache/html/fa1b9839fc245ba195a1e60b742bdb10b40be079/abc1da26be812ef448282c910740e1efeb8d2a23.html,OK,,2026-09-30T19:05:21
a97dcffdee18cfad829bde0f141d404931e36e7e,0ce258b8ae51449f6bf16808695ea382a81846a4,fa1b9839fc245ba195a1e60b742bdb10b40be079,Leasing Operativo de Tecnología para Empresas en Perú,thuntech.pe,SEARCH_RESULT,https://thuntech.pe/alquiler-de-laptops-en-lima/,https://thuntech.pe/venta-de-tecnologia/,https://thuntech.pe/venta-de-tecnologia/,200,text/html; charset=UTF-8,Thuntech: Venta de Tecnología y Equipos para Empresas - Perú - THUNTECH,requests,NO,7874,8,data/cache/html/fa1b9839fc245ba195a1e60b742bdb10b40be079/a97dcffdee18cfad829bde0f141d404931e36e7e.html,OK,,2026-09-30T19:05:22
